CarVIN,TypeofCar,#ofseats,Avg.distanceofrides,Avg.#ofcustomersperday,Avg.Priceperminute,Date,Time,Locationlonitude(current),Locationlatitude(current),TankFilling(current)
1GYEK63N86R457079,Car2Go,5,63km,26,37€,6.10.2018,10.32,11.75791862,48.15002474,65%
WBAPH5C56BF387047,DriveNow,4,75km,26,63€,14.12.2018,4.43,11.40760965,48.15844544,60%
1J4RG4GK7AC830793,Car2Go,3,57km,5,69€,9.7.2018,23.31,11.5619232,48.5811162,70%
1FMHK7B83CG380819,DriveNow,2,13km,16,76€,25.4.2017,18.45,11.63347591,48.20172943,45%
WAUVC68E72A741532,DriveNow,3,30km,2,41€,7.11.2018,15.19,11.44016024,48.25221066,51%
1GD311CG6FF958733,Car2Go,2,66km,26,54€,29.1.2017,22.32,11.74209475,48.26940023,30%
1GT022CG6EF619141,DriveNow,5,1km,15,86€,10.9.2017,20.37,11.30865304,48.11994422,71%
WAUSF98E17A930275,DriveNow,2,24km,9,27€,1.11.2019,19.5,11.73414356,48.26873246,60%
WAUKFAFL2DN707265,DriveNow,4,90km,2,98€,22.7.2019,15.24,11.21196424,48.4089100,82%
YV4952BZ6E1774137,Car2Go,4,63km,4,89€,14.1.2019,9.40,11.52418752,48.18483539,34%
WBAAX134X4P193515,Car2Go,3,63km,21,99€,6.9.2019,12.3,11.51003776,48.8742103,28%
1FMCU0F71DU109547,Car2Go,5,44km,9,28€,5.3.2019,8.35,11.46292473,48.1198374,31%
WAUHF78P66A092145,Car2Go,5,78km,3,96€,7.5.2017,3.1,11.24078169,48.13160060,49%
1HGCR6F50EA416836,DriveNow,4,44km,5,79€,15.10.2019,11.17,11.42982154,48.18600739,42%
WBAUP93579V666441,Car2Go,3,1km,6,56€,20.12.2019,10.13,11.61978652,48.13856368,26%
1GD11ZCGXCF821666,Car2Go,3,63km,21,65€,27.7.2017,10.12,11.5915937,48.11426300,27%
WA1LMBFE1DD370186,Car2Go,3,45km,29,77€,11.2.2018,3.55,11.3077794,48.26018647,55%
3GYFNCE39FS571076,Car2Go,4,10km,3,67€,12.2.2017,9.2,11.49205232,48.14540607,54%
WBAPH5G5XAN754305,Car2Go,3,88km,13,53€,23.2.2017,3.6,11.69841395,48.10885487,74%
1GT3CZBG3AF842624,DriveNow,2,80km,8,39€,10.3.2018,10.42,11.63784897,48.22827623,83%
WAUDGBFL7CA721065,Car2Go,3,81km,27,35€,10.5.2018,8.5,11.11581305,48.7200789,28%
WAUBH78E48A809773,Car2Go,3,20km,7,46€,13.4.2017,14.40,11.17701747,48.23741418,6%
JN1CV6EK1AM309954,Car2Go,2,27km,2,38€,2.11.2019,1.51,11.29920412,48.1189890,8%
2C4RRGAG6DR721128,DriveNow,2,64km,4,68€,16.12.2018,1.5,11.42925033,48.13571877,61%
1G6DC8E5XC0639781,Car2Go,5,69km,3,81€,4.2.2019,1.43,11.32585268,48.9027478,42%
KL4CJBSB5FB519766,Car2Go,5,13km,9,88€,5.11.2019,19.21,11.26309020,48.11199818,5%
5UXKS4C54F0494632,DriveNow,3,20km,14,67€,24.11.2019,16.31,11.55715267,48.12514178,28%
WA1CM94L19D383585,DriveNow,2,43km,29,29€,27.1.2018,4.52,11.45361134,48.11290017,21%
WAUSH78E68A297241,DriveNow,4,41km,6,42€,7.11.2018,10.47,11.53394782,48.12292196,68%
1G4GD5G37EF462457,DriveNow,2,46km,11,90€,28.10.2019,1.53,11.7064131,48.19953797,82%
WVGAV3AX2DW088325,Car2Go,5,78km,2,73€,24.4.2018,16.5,11.66094429,48.17950655,62%
WP0AA2A97AS103982,Car2Go,2,28km,14,30€,22.10.2019,17.17,11.23136003,48.10613154,28%
1N6AD0CU0DN130521,Car2Go,2,87km,22,87€,14.6.2019,4.39,11.29391131,48.3636289,61%
WA1LMAFE1ED339337,DriveNow,2,40km,27,48€,21.4.2019,17.49,11.78317257,48.10296786,36%
WBA5M6C52ED048083,DriveNow,4,42km,3,91€,5.9.2018,0.33,11.74687137,48.23133919,76%
KL4CJGSB0FB737157,DriveNow,4,68km,14,73€,5.6.2017,5.38,11.12357365,48.1423767,81%
JTDKDTB30E1876879,DriveNow,3,10km,6,31€,30.11.2019,2.44,11.47326930,48.23220769,58%
WBA3V9C57EP596813,Car2Go,4,74km,1,33€,7.7.2018,19.3,11.46760058,48.2435555,66%
5UXZV4C50D0089533,Car2Go,2,34km,17,35€,19.9.2019,10.3,11.8269736,48.11439391,94%
WVWED7AJ1AW400304,DriveNow,3,86km,0,25€,11.2.2019,14.58,11.52600575,48.11445832,22%
2C3CDXEJXCH778595,Car2Go,2,72km,15,59€,14.4.2019,9.49,11.20144273,48.9292985,66%
1N6AA0CAXCN276003,Car2Go,2,13km,6,54€,12.10.2017,5.0,11.39530475,48.8607945,54%
5LMJJ2J51EE854389,DriveNow,2,50km,16,38€,3.2.2018,14.19,11.7026989,48.22395045,99%
WAUSF98K39N901524,DriveNow,5,72km,21,33€,8.8.2019,12.8,11.13458447,48.25502744,87%
KMHTC6AD5CU664330,DriveNow,5,90km,23,76€,6.3.2019,21.27,11.23261646,48.10060793,84%
1FAHP3FN1AW615227,Car2Go,5,31km,27,80€,29.6.2019,18.37,11.42233869,48.2777801,30%
1C4NJCBA5FD581880,DriveNow,3,17km,5,93€,9.4.2019,3.36,11.7025589,48.7627193,11%
5N1AZ2MH0FN805963,DriveNow,2,70km,0,47€,14.9.2018,13.5,11.55074786,48.6461383,68%
1FBNE3BL1DD615978,DriveNow,4,62km,2,28€,4.1.2018,10.16,11.50671968,48.9616931,63%
1GKMCAE37AR633078,DriveNow,3,66km,26,99€,24.9.2019,17.8,11.3546105,48.6590631,36%
JH4CL96855C865704,DriveNow,5,9km,15,28€,15.6.2017,5.56,11.50649962,48.4188227,39%
JN1BJ0HP3FM874936,DriveNow,2,51km,22,78€,21.10.2018,18.35,11.59384518,48.25405986,87%
WBAWV13537P664672,Car2Go,2,19km,1,32€,19.5.2019,2.2,11.66059769,48.19083083,1%
WBAWL73549P160059,Car2Go,2,73km,0,95€,21.12.2017,4.6,11.47807261,48.7208881,5%
1N4AL2AP6AN404885,DriveNow,4,48km,28,63€,19.10.2019,8.26,11.39876943,48.11552540,87%
WAUBF98E67A722280,DriveNow,4,55km,22,75€,24.10.2017,5.21,11.60953325,48.893348,99%
2FMPK3K99FB763401,DriveNow,2,84km,29,93€,29.7.2017,6.45,11.43386552,48.19525657,12%
TRURD38J981598482,DriveNow,2,20km,24,61€,18.2.2019,5.12,11.16318014,48.27488060,55%
4T3BK3BB8FU480604,Car2Go,2,57km,10,76€,28.5.2019,7.4,11.55979654,48.3595493,32%
4JGBF2FE5AA293309,DriveNow,5,59km,28,59€,28.2.2018,4.15,11.73071587,48.25667030,64%
1GYS4JEF6BR608940,DriveNow,4,38km,29,72€,2.9.2018,14.9,11.35385943,48.16424937,42%
5UXZV4C59DL261833,Car2Go,5,70km,28,89€,16.10.2017,22.41,11.9222176,48.15236362,89%
5TDBK3EH5DS143158,DriveNow,2,64km,19,52€,4.7.2017,8.1,11.34496451,48.2263492,45%
YV140MEA2F1505755,DriveNow,2,18km,8,28€,15.2.2019,16.45,11.68646104,48.22454745,41%
WAUKF78EX5A767482,DriveNow,4,60km,11,47€,23.1.2019,9.28,11.43359857,48.6309686,52%
5UXFG2C59DL186939,Car2Go,5,54km,11,82€,21.8.2017,2.41,11.66598436,48.4749304,52%
WBADN53461G069358,Car2Go,3,57km,3,83€,7.1.2017,13.12,11.6173251,48.20207396,78%
1C4SDHCT4CC969529,DriveNow,2,43km,27,49€,27.4.2019,13.40,11.55618775,48.21509704,92%
3D7TP2CT1AG152902,Car2Go,4,48km,16,26€,14.11.2017,14.17,11.25723941,48.22650907,38%
WBAFA53501L391580,Car2Go,5,6km,15,49€,6.12.2019,18.29,11.69365093,48.10074148,74%
WAUMF78KX9N503854,Car2Go,5,16km,8,74€,20.8.2018,3.17,11.56790461,48.27362271,76%
2LMHJ5ATXEB103308,Car2Go,4,15km,19,55€,25.1.2017,20.28,11.19893639,48.24441387,79%
WAUSF78K29N080856,Car2Go,2,2km,5,88€,28.6.2019,23.43,11.17798589,48.6436294,29%
3GYFNEE33CS059689,Car2Go,2,68km,7,73€,3.8.2018,1.3,11.30242256,48.12134804,94%
1D7RV1GT9BS648397,Car2Go,2,67km,11,91€,7.11.2019,0.48,11.56762407,48.8097448,75%
5FRYD3H25GB791375,Car2Go,5,86km,9,54€,12.10.2018,12.17,11.42720968,48.2762153,86%
1G6DW67V080886629,Car2Go,4,72km,9,98€,16.11.2018,15.26,11.44270151,48.11578862,26%
5J6TF2H53FL760643,Car2Go,3,52km,12,88€,12.7.2017,20.20,11.7121322,48.17613917,10%
JTDZN3EU1EJ558169,DriveNow,2,17km,18,63€,15.5.2017,22.36,11.43100121,48.9922526,20%
3C63DPJLXCG639366,DriveNow,5,25km,13,80€,28.6.2019,1.46,11.49730301,48.25749625,61%
1N6AA0EC6FN691967,DriveNow,3,26km,24,96€,4.11.2019,11.49,11.15084291,48.10333049,96%
1D7RW5GK0BS970681,Car2Go,3,69km,2,43€,28.7.2019,21.40,11.14954900,48.17573926,88%
1G6AM5S34F0910615,Car2Go,5,29km,21,90€,2.12.2018,5.27,11.72880836,48.8974582,62%
1C3BCBGG5CN775002,DriveNow,4,19km,14,65€,10.5.2017,0.56,11.36061674,48.10117159,97%
SCFFDCCD9AG259689,DriveNow,4,2km,12,35€,26.6.2018,0.47,11.37677911,48.2830549,86%
5J8TB18249A431940,Car2Go,5,56km,2,72€,6.7.2018,10.13,11.17373960,48.12076140,31%
WAUWFBFL7BA286526,DriveNow,2,75km,20,58€,11.7.2018,14.26,11.54954554,48.14026739,42%
WBA3R1C53EK295426,DriveNow,5,53km,21,61€,28.5.2019,17.47,11.71247481,48.2151745,86%
WBAXH5C55DD159264,Car2Go,2,76km,18,46€,8.11.2019,0.10,11.54838701,48.17888423,41%
1C4AJWAG5FL474906,Car2Go,4,18km,26,74€,18.5.2018,22.30,11.44588777,48.6048335,10%
WBADT43462G257654,Car2Go,5,74km,0,69€,17.7.2017,7.7,11.7454284,48.18044793,1%
1FTEX1E84AF035142,DriveNow,2,4km,3,60€,20.7.2017,7.12,11.6627186,48.13801033,95%
1N6AA0CH7DN305486,Car2Go,3,67km,15,58€,11.10.2019,13.35,11.25818764,48.10170718,40%
1G6DM8EV0A0619601,DriveNow,4,46km,26,63€,12.2.2019,17.57,11.72271366,48.9167824,24%
WAUXG94F69N010512,DriveNow,5,78km,5,91€,8.2.2018,2.8,11.51036294,48.19768802,71%
1D7CW2BK2AS710163,Car2Go,3,76km,21,83€,15.10.2018,3.24,11.26409282,48.12629790,29%
JN1AZ4EHXFM325856,DriveNow,2,12km,1,78€,1.8.2019,8.57,11.3429305,48.20997737,52%
1YVHZ8BH3A5562421,Car2Go,5,41km,20,70€,12.10.2019,14.24,11.5302140,48.22566667,36%
JTDKDTB38C1934041,DriveNow,4,28km,21,79€,4.6.2018,17.16,11.25672471,48.13183791,98%
SCBLC37F96C279636,Car2Go,2,21km,17,62€,21.8.2018,14.25,11.5336984,48.8803632,44%
SCBLC37F94C301972,Car2Go,4,31km,9,62€,28.4.2019,10.3,11.72093973,48.14415443,51%
1N6AA0EJ7FN591679,Car2Go,3,54km,3,47€,28.3.2019,19.27,11.23643194,48.5873383,53%
WAUHF78P97A150508,Car2Go,2,76km,15,91€,7.2.2018,19.26,11.60762001,48.26286804,84%
1FTSW2A55AE625606,Car2Go,3,81km,5,54€,1.2.2018,4.15,11.28204251,48.27909306,71%
19UUA86229A349465,DriveNow,2,34km,2,35€,10.1.2018,2.30,11.16776929,48.3253670,50%
WBAVD33566K618534,DriveNow,4,12km,2,26€,3.1.2019,21.39,11.33717411,48.9683824,95%
WBADN53492G207928,DriveNow,2,1km,12,56€,21.7.2017,11.59,11.72476944,48.26520519,22%
19XFA1E31BE385255,Car2Go,5,11km,26,32€,21.4.2017,14.54,11.52376935,48.1924963,81%
WBAEU33495P877334,DriveNow,4,54km,5,77€,28.4.2019,19.1,11.79802942,48.9611768,44%
WBSDX9C55BE048648,Car2Go,2,60km,26,87€,10.10.2019,18.0,11.54126030,48.16473451,11%
3N1CE2CP3EL117801,Car2Go,3,57km,23,68€,1.12.2019,5.47,11.13380895,48.17147379,55%
WA1GFCFS7FR688097,Car2Go,5,9km,17,89€,18.12.2019,17.19,11.12107418,48.13427662,16%
19XFB2E51DE342963,Car2Go,3,55km,4,53€,23.11.2019,4.29,11.38491766,48.6128615,24%
5J8TB1H57CA079227,Car2Go,4,22km,15,44€,27.2.2018,4.21,11.20753717,48.18225532,44%
JHMZF1C62DS898489,Car2Go,5,60km,6,89€,15.11.2018,20.23,11.9863349,48.7248928,35%
JN8AE2KP4B9964597,DriveNow,2,10km,18,38€,11.9.2017,6.41,11.53494879,48.8949162,81%
3D7LT2ET3AG345836,DriveNow,2,73km,13,30€,3.3.2019,22.39,11.52290510,48.9580177,22%
2T1BU4EEXDC181872,DriveNow,4,54km,29,91€,7.2.2017,0.54,11.6866723,48.3111860,40%
3GYEK63N92G858036,DriveNow,4,4km,19,72€,10.2.2018,16.31,11.18071265,48.24042912,75%
WAUNF78P68A624984,DriveNow,4,43km,8,31€,7.5.2017,10.52,11.18973146,48.27954256,81%
WVWAA7AH8AV390347,Car2Go,5,45km,15,90€,20.12.2019,20.8,11.60332617,48.9411213,22%
WBSBR93492P009848,Car2Go,4,39km,7,94€,22.3.2018,3.15,11.48433606,48.8852440,69%
WAULD64B72N245459,DriveNow,4,18km,2,60€,15.1.2019,6.57,11.75310487,48.22600856,88%
1FADP5CU0FL203900,DriveNow,4,35km,16,40€,12.12.2018,21.52,11.59650905,48.7186469,50%
4T3BA3BB3DU749818,Car2Go,3,60km,8,37€,2.2.2017,2.37,11.31870974,48.18181891,11%
1GYS4DEF8BR908318,Car2Go,4,84km,3,84€,17.2.2019,8.51,11.6781021,48.13482160,60%
WAUDF78E38A383797,Car2Go,5,54km,7,51€,20.11.2017,22.33,11.49877735,48.3986386,61%
1FTWX3A5XAE235542,DriveNow,3,73km,24,91€,25.7.2018,20.13,11.8746055,48.5798924,23%
SCBGC3ZA6EC211098,DriveNow,3,80km,18,96€,13.10.2019,11.30,11.34881186,48.17040080,92%
JH4CL96814C889724,DriveNow,2,53km,18,91€,19.6.2018,13.44,11.75011733,48.24865320,88%
1GYFC53229R573934,Car2Go,3,57km,18,67€,26.12.2018,19.30,11.23304940,48.14734356,38%
1C4RDHEG6FC673706,DriveNow,3,89km,19,90€,29.7.2017,22.25,11.12901794,48.26668850,76%
WA1CGAFE8FD556909,DriveNow,5,39km,25,85€,2.1.2019,16.19,11.32860489,48.10615341,74%
3N1AB6AP5AL667859,DriveNow,3,18km,19,29€,3.1.2017,11.1,11.22059197,48.9611921,22%
JH4CU2F88CC769664,DriveNow,5,83km,4,42€,22.9.2019,17.39,11.34389894,48.17740842,7%
1C3CDZAB3CN465440,Car2Go,3,61km,8,67€,8.12.2019,12.40,11.38774252,48.6636683,58%
3N1AB6AP3BL845849,DriveNow,3,16km,7,45€,24.2.2019,14.50,11.33836484,48.26328496,80%
4F2CY0C70AK815447,DriveNow,5,23km,14,26€,29.11.2017,23.19,11.44817878,48.15205683,81%
1GYS3GEFXDR549870,Car2Go,5,21km,7,77€,7.5.2018,8.59,11.43321416,48.13106148,34%
1G4GB5GG9AF547917,Car2Go,2,51km,14,72€,30.6.2018,1.44,11.13597533,48.13809369,11%
WAUHGBFCXDN373631,Car2Go,2,83km,23,60€,8.3.2019,0.24,11.26203800,48.23996222,27%
WAUHF98P66A826200,Car2Go,4,10km,20,40€,27.5.2019,19.32,11.38686294,48.14065943,11%
WP0AB2A95FS636501,DriveNow,5,37km,20,75€,23.3.2017,16.50,11.33063923,48.26467070,11%
WUALNAFG2EN789161,DriveNow,3,17km,18,43€,21.10.2018,5.32,11.59926054,48.5826128,34%
3VWKX7AJXAM537832,DriveNow,4,73km,13,98€,24.10.2018,5.24,11.56107643,48.7642438,64%
WVWGD7AJ1EW980748,Car2Go,5,81km,13,87€,19.6.2019,11.12,11.61318210,48.13910753,68%
5TDBK3EH7CS938758,Car2Go,2,68km,23,28€,22.5.2017,13.6,11.30186461,48.18767933,11%
VNKJTUD39FA030356,Car2Go,5,39km,24,90€,8.6.2018,2.53,11.13586989,48.13174933,21%
WAULV44E27N051912,DriveNow,3,13km,4,70€,24.1.2018,12.23,11.36492503,48.2227174,3%
KMHGC4DD5EU788988,Car2Go,3,70km,17,27€,8.2.2019,7.5,11.4733982,48.3384116,14%
JH4CU4F4XCC722791,DriveNow,3,9km,10,49€,4.5.2018,21.21,11.75929655,48.22247647,89%
3C4PDDDG6DT094945,Car2Go,5,26km,23,54€,23.1.2019,0.45,11.28041788,48.24885272,86%
KNDJN2A21E7743752,DriveNow,3,63km,15,69€,13.3.2019,11.58,11.70570313,48.5432398,6%
WAUKG98E36A628692,Car2Go,2,31km,13,30€,17.1.2019,15.25,11.8116920,48.10137722,74%
JN1CV6FE0EM542383,Car2Go,2,8km,5,81€,9.11.2018,17.44,11.76007740,48.10078650,57%
SAJWA4HA0EM103481,DriveNow,4,34km,4,62€,5.3.2017,5.3,11.3403459,48.947675,15%
5FNYF3H35FB560821,DriveNow,3,16km,24,99€,29.1.2019,4.15,11.13321055,48.18629191,58%
1C3CCBHGXCN173912,DriveNow,3,77km,3,79€,25.8.2019,4.52,11.66562737,48.14496720,38%
WAUSH78E08A404784,Car2Go,5,18km,1,56€,22.6.2018,22.30,11.54229970,48.15846094,45%
JM1NC2LF2D0539766,DriveNow,4,8km,10,52€,4.3.2018,20.9,11.67358018,48.9878906,73%
SALVN2BG8DH465574,DriveNow,2,1km,1,52€,21.11.2019,5.11,11.63051630,48.27031351,9%
SCBFC7ZA8EC669017,Car2Go,4,79km,8,58€,30.4.2017,0.52,11.50250567,48.13823437,13%
1GYUKHEF9AR358728,DriveNow,3,80km,13,58€,13.9.2018,14.42,11.7909721,48.24925228,41%
JTHBE5C29A5298121,Car2Go,5,32km,22,69€,24.7.2017,3.20,11.55086277,48.12822756,87%
WVWED7AJ1DW867386,Car2Go,5,63km,24,30€,15.7.2018,22.54,11.51434428,48.4316840,24%
1N6AF0LY3EN701580,DriveNow,4,68km,10,69€,15.11.2017,20.17,11.14332284,48.7858808,19%
19VDE1F58FE985863,DriveNow,4,9km,25,31€,18.1.2019,6.46,11.60446587,48.9978354,12%
3VW117AU6FM449164,DriveNow,5,69km,24,64€,27.8.2017,10.13,11.60545183,48.20926701,78%
SCBET9ZA6FC790010,DriveNow,2,10km,3,51€,19.4.2019,8.12,11.58096826,48.15407451,85%
1G6KE54Y54U860775,Car2Go,5,52km,30,97€,23.5.2017,0.14,11.74664139,48.23291416,80%
1GYS4BKJ7FR145310,Car2Go,5,79km,28,68€,21.4.2017,11.6,11.68440897,48.14496457,64%
1HGCR6F57FA824932,Car2Go,3,42km,24,75€,18.11.2018,15.26,11.32757323,48.1845494,17%
KM8JT3AB7DU525340,Car2Go,2,82km,28,86€,5.8.2018,3.26,11.40582574,48.5857379,82%
WAUMFAFL0BN649324,Car2Go,2,79km,14,74€,17.12.2017,0.35,11.34570024,48.8565317,15%
WBA3A9C55DF537291,Car2Go,2,64km,9,38€,13.1.2018,0.30,11.27781592,48.22843297,74%
JN8AE2KP8F9768104,Car2Go,2,56km,8,69€,27.7.2019,0.42,11.78971827,48.8444007,66%
WAUGGAFC8CN901137,DriveNow,5,11km,23,55€,1.5.2019,12.2,11.6899953,48.17831391,23%
5FRYD3H47GB650227,Car2Go,3,66km,14,75€,26.2.2017,1.9,11.70790007,48.20615235,69%
KNAFK4A67E5705626,Car2Go,3,4km,19,88€,23.1.2019,1.24,11.42308667,48.5955172,62%
WAUEH78E28A862033,DriveNow,3,26km,2,43€,1.10.2017,20.13,11.65316423,48.20777866,4%
WBSDE93412B819623,DriveNow,5,78km,14,89€,1.1.2017,9.23,11.78072124,48.13957014,46%
1G6DU6EA7A0250821,DriveNow,4,47km,15,56€,29.8.2018,2.6,11.8819127,48.2264204,32%
KMHEC4A48BA299641,Car2Go,4,76km,6,85€,13.9.2017,20.5,11.4223995,48.10290420,18%
WBSDE93422C989659,DriveNow,4,72km,24,55€,15.11.2017,9.15,11.72353397,48.24684430,68%
3D7TT2CT1BG187176,Car2Go,4,85km,29,93€,20.7.2019,17.1,11.48184105,48.25819698,37%
WBS3U9C56FP349508,Car2Go,4,2km,15,55€,15.5.2017,22.13,11.29600334,48.17782900,63%
3C4PDDAGXFT637611,Car2Go,4,74km,9,48€,30.6.2018,7.17,11.35642415,48.10328726,86%
19XFB2F23CE695059,DriveNow,4,46km,8,71€,24.1.2018,15.41,11.44479291,48.776558,56%
1G4GC5ER6CF429392,DriveNow,3,31km,29,99€,29.11.2017,3.4,11.74864316,48.24383428,78%
JN1AY1AR8DM964380,DriveNow,2,89km,5,69€,1.6.2018,20.21,11.27541292,48.9819744,10%
WBA1J7C51FV630068,DriveNow,5,18km,12,41€,11.1.2017,17.12,11.3459349,48.11753226,7%
WBAPK5C52BF572665,Car2Go,2,76km,28,67€,3.8.2018,13.9,11.73981627,48.169759,54%
1G6D25EY4B0581466,DriveNow,5,78km,26,75€,28.11.2018,10.29,11.31415468,48.27475388,98%
JH4CW2H69DC283212,Car2Go,5,6km,26,90€,18.9.2019,15.11,11.73682991,48.25083624,6%
1N6AF0KY4EN330575,Car2Go,4,15km,25,71€,26.4.2019,18.22,11.64737154,48.27384644,21%
WBADS33493G526857,DriveNow,3,17km,15,68€,7.5.2018,3.28,11.55825034,48.21605896,34%
19VDE2E58EE880052,DriveNow,2,28km,21,32€,14.3.2017,23.13,11.56882725,48.27382342,97%
WAUDL74F56N027154,Car2Go,3,78km,25,56€,25.6.2017,21.26,11.3650902,48.16334082,16%
SAJWA1EK0EM770594,DriveNow,4,36km,11,35€,20.5.2017,5.51,11.51736220,48.2805077,49%
JHMZF1C67ES669663,Car2Go,2,89km,27,26€,17.5.2018,18.14,11.64644914,48.9549162,73%
1N6AF0LY3FN662409,Car2Go,4,90km,28,69€,1.6.2019,22.41,11.38215712,48.18435686,65%
2T1BURHEXFC892645,DriveNow,5,76km,8,45€,16.9.2017,20.54,11.68557585,48.7762123,24%
WBSPM9C51AE847105,DriveNow,2,40km,19,88€,23.10.2019,20.12,11.63134753,48.12912194,15%
JTEBW3EH7A2423022,DriveNow,3,55km,26,35€,29.4.2017,12.3,11.4820163,48.21527529,15%
1FTEX1CWXAF159577,DriveNow,3,58km,4,46€,28.5.2017,19.7,11.10153011,48.3438320,1%
WBXPC93409W397005,DriveNow,2,11km,15,91€,6.7.2018,2.15,11.14315956,48.27880766,53%
1GYUKFEJ1AR069514,DriveNow,5,67km,26,65€,24.11.2019,10.37,11.74328696,48.881527,82%
1LNHL9EK8FG766448,DriveNow,3,66km,5,84€,13.5.2018,6.37,11.63387281,48.9719624,7%
JH4KC1F96FC487822,DriveNow,4,28km,17,58€,11.7.2019,23.56,11.53941585,48.16522700,85%
JN1CV6EKXFM032048,Car2Go,2,27km,25,70€,21.6.2019,18.56,11.12626070,48.23720309,59%
WA1CGAFE8ED644387,DriveNow,4,14km,22,37€,8.7.2017,2.57,11.67080314,48.19454887,11%
YV1672MK2C2273733,DriveNow,4,79km,24,44€,3.4.2018,23.31,11.20142979,48.18300358,80%
1C3CDZAB3CN931268,DriveNow,4,70km,10,96€,26.10.2017,12.30,11.24094237,48.15048747,45%
2C3CCAGG9DH552910,Car2Go,5,54km,1,31€,29.3.2019,1.53,11.79857738,48.9452519,78%
1G6KY549X3U643382,Car2Go,4,21km,20,47€,12.6.2019,7.28,11.44342109,48.24848132,28%
WAUVC58E63A923556,Car2Go,2,37km,21,50€,27.9.2017,6.31,11.47468990,48.6149776,23%
4F2CY0C7XAK834622,DriveNow,3,54km,6,86€,3.4.2019,23.35,11.12137025,48.8705126,16%
3C63D3CL3CG430878,Car2Go,3,64km,1,57€,21.4.2017,14.37,11.36071087,48.24115992,14%
3C63D3HL0CG439160,DriveNow,4,25km,4,76€,17.7.2019,21.14,11.14051889,48.24035836,51%
WAU3VAFR0AA190143,Car2Go,4,83km,23,57€,25.10.2019,4.2,11.34408539,48.21590902,27%
1G4HJ5EM4AU345840,Car2Go,5,51km,28,71€,16.12.2018,19.17,11.5903492,48.12111787,31%
4USBT53464L138328,Car2Go,5,42km,25,88€,19.11.2019,12.3,11.57072352,48.13401540,100%
2C3CDXCT9CH574262,DriveNow,3,17km,24,40€,1.12.2017,15.33,11.43561908,48.26691162,60%
JH4CL95895C721560,Car2Go,3,65km,2,31€,14.12.2019,20.27,11.65299667,48.5871128,14%
KNADM4A35C6747260,DriveNow,3,2km,25,97€,5.5.2017,5.43,11.15993633,48.9366237,28%
WAUDFAFLXAN042166,Car2Go,2,50km,2,58€,8.6.2019,1.28,11.31344262,48.6121816,59%
WP0CA2A83BS138018,DriveNow,2,26km,14,95€,5.5.2017,10.10,11.28116728,48.16332025,7%
WAUFGBFC0EN414678,DriveNow,5,16km,14,36€,24.4.2019,22.7,11.68538047,48.2764848,55%
WAUVVAFR1AA290356,DriveNow,4,68km,24,67€,5.5.2017,2.41,11.73214566,48.21538652,26%
WBALL5C51DJ339033,DriveNow,2,59km,19,44€,2.7.2019,0.23,11.73047202,48.3493592,97%
1FTNX2A56AE976227,DriveNow,4,77km,0,85€,2.4.2017,6.29,11.70381767,48.22471134,3%
1G4GB5EG9AF159668,DriveNow,2,1km,23,83€,9.1.2019,10.5,11.60801523,48.15705198,35%
1N4AL2AP8BC283600,Car2Go,4,47km,26,75€,26.5.2019,2.51,11.45659238,48.7303029,89%
WAURFAFR4EA687046,Car2Go,5,68km,13,29€,14.1.2019,10.10,11.20182275,48.20454624,83%
JHMZE2H3XBS257501,DriveNow,3,39km,26,87€,25.7.2019,3.46,11.15327169,48.23072957,50%
1G6DB1ED4B0972266,Car2Go,5,84km,8,35€,25.6.2017,7.49,11.54295385,48.4797909,13%
1N6AA0CJ9DN466618,DriveNow,4,14km,7,25€,26.4.2018,22.23,11.38024916,48.13434773,100%
5J8TB3H55EL180009,Car2Go,3,41km,2,40€,7.2.2018,1.18,11.71102720,48.16164187,41%
WBSVA93578E429660,DriveNow,3,9km,7,99€,5.6.2018,17.24,11.67487548,48.9933475,87%
1G6DJ8EV6A0576990,Car2Go,5,87km,17,79€,24.5.2017,23.12,11.71068305,48.7141805,18%
5NPDH4AE0CH394361,DriveNow,2,13km,8,36€,6.2.2017,1.49,11.76016278,48.2624152,94%
WAUED64B01N235878,Car2Go,3,40km,22,68€,29.11.2019,0.31,11.61009518,48.4139383,19%
2G61S5S33E9877097,DriveNow,3,25km,15,87€,17.2.2018,23.2,11.52078198,48.5247275,3%
WP0AA2A94CS764565,Car2Go,2,76km,14,84€,20.2.2018,3.51,11.53057647,48.1116473,20%
3D73M4HL3BG353991,Car2Go,4,27km,2,44€,23.11.2018,1.22,11.57618556,48.12159510,85%
JA32X2HU2DU235942,DriveNow,2,68km,27,84€,7.2.2017,22.33,11.3647931,48.6692033,58%
1VWAH7A33DC220118,DriveNow,3,50km,11,94€,9.2.2018,0.24,11.47133735,48.21975601,72%
SALAC2D44AA285004,DriveNow,2,40km,16,86€,29.5.2019,21.53,11.74401597,48.20539653,69%
WAULF98K69N904566,DriveNow,2,61km,14,57€,11.12.2017,17.27,11.66488780,48.4154551,47%
1G6AP5SX5F0544884,Car2Go,3,31km,26,27€,9.11.2017,6.25,11.64941698,48.18033772,3%
1N6AF0LX1FN004482,Car2Go,3,69km,17,76€,5.4.2018,19.51,11.24013997,48.5873748,54%
TRUWT28N441095990,Car2Go,2,86km,26,31€,4.4.2017,8.58,11.32560362,48.2548191,39%
WBA3B9C55DF540849,DriveNow,5,8km,13,76€,13.7.2017,4.35,11.8522069,48.15833991,16%
KMHFH4JG0FA834922,Car2Go,3,44km,14,50€,29.10.2018,19.13,11.5027664,48.18109467,22%
3N1AB6AP6BL992523,Car2Go,4,27km,2,87€,13.5.2018,17.10,11.19352844,48.18321322,68%
KNADH5A3XA6914882,Car2Go,2,80km,4,55€,20.9.2019,0.48,11.69081393,48.22380600,81%
KMHTC6AD5FU314801,Car2Go,4,10km,13,65€,20.11.2019,10.24,11.6339095,48.3241189,71%
WBA3V7C57EP757178,Car2Go,4,79km,10,58€,22.5.2018,12.18,11.80219755,48.7516957,0%
3C6JD6EP0CG894655,DriveNow,3,17km,21,73€,7.12.2019,12.42,11.73274422,48.16207018,23%
WP0CA2A88AU873421,DriveNow,5,25km,21,99€,16.12.2018,5.48,11.77932950,48.648131,25%
WBADN53422G222481,DriveNow,3,10km,15,56€,16.7.2018,15.41,11.14285290,48.13409501,29%
JM3TB2BA9D0767903,Car2Go,5,74km,6,67€,14.10.2017,4.52,11.57799603,48.17763565,56%
KM8NU4CC4BU579489,Car2Go,3,87km,20,98€,15.12.2018,21.48,11.25498225,48.8345904,81%
1G6ET12941B754901,Car2Go,2,38km,27,94€,9.2.2017,23.1,11.33532051,48.7496546,23%
SCFAD02E69G561441,Car2Go,5,38km,20,25€,1.3.2017,0.57,11.25918209,48.13100371,91%
3C6TD5GT0CG492728,DriveNow,2,42km,5,26€,4.3.2017,15.29,11.18595441,48.27361681,86%
2HNYD18462H751603,DriveNow,2,28km,22,28€,22.10.2019,13.16,11.68355763,48.7726692,49%
WAUSF78E37A964514,DriveNow,3,71km,30,44€,25.5.2019,11.47,11.35124318,48.28055969,38%
1FTSW3A54AE462159,DriveNow,2,76km,9,90€,22.4.2017,13.26,11.17291895,48.2212824,11%
3C3CFFJH3FT682682,Car2Go,4,7km,4,30€,17.11.2018,13.5,11.68034163,48.10860703,25%
1FTMF1CW4AK160116,DriveNow,4,36km,20,42€,23.8.2019,21.1,11.7714899,48.5067752,16%
JTDKDTB37E1384110,Car2Go,4,47km,11,55€,10.1.2018,5.25,11.45474604,48.16147050,1%
2T1BU4EE1CC413922,DriveNow,3,41km,4,27€,15.11.2018,14.7,11.7757472,48.25910546,71%
1G6DN57U470368476,DriveNow,4,36km,29,92€,4.4.2017,13.0,11.61611790,48.22810972,73%
1N6AA0CC7AN944242,Car2Go,4,46km,22,96€,27.7.2017,14.23,11.47296083,48.7092797,38%
5FPYK1F21EB262766,DriveNow,4,3km,21,47€,30.8.2019,10.30,11.19389803,48.22229801,34%
VNKKTUD36FA527739,DriveNow,5,75km,6,96€,17.12.2017,19.50,11.26410178,48.11276905,36%
WAUVC68E42A188340,DriveNow,4,67km,23,62€,24.8.2017,3.6,11.79210003,48.2163987,29%
5TDDCRFH7ES359294,DriveNow,5,35km,29,98€,13.12.2017,12.41,11.68030609,48.11816623,25%
KM8JT3AB4DU253894,Car2Go,4,72km,29,49€,14.2.2018,13.50,11.45660862,48.26417984,27%
1GYUKCEF1AR988729,Car2Go,5,82km,21,40€,13.10.2017,21.54,11.32136867,48.6312701,26%
19UUA56993A973055,DriveNow,4,13km,16,92€,11.9.2018,18.19,11.63237999,48.24236624,22%
WAUPFAFM9AA784670,Car2Go,2,38km,13,67€,9.11.2017,23.4,11.67449714,48.20003610,58%
WP0CA2A88ES518587,Car2Go,4,28km,9,68€,23.12.2018,21.2,11.70988805,48.4844590,86%
1GYS3JEF4DR471101,DriveNow,4,19km,6,36€,12.4.2018,7.27,11.4685919,48.23621070,89%
3FAHP0CGXBR312116,Car2Go,4,6km,3,60€,1.1.2017,9.58,11.48679571,48.16866000,19%
4T1BF1FK3EU554019,Car2Go,2,52km,5,60€,6.2.2019,8.36,11.58501965,48.9873798,96%
5UXFE83598L719063,Car2Go,3,30km,11,58€,11.11.2019,1.31,11.47422797,48.25110226,78%
3GYFK66NX5G585435,Car2Go,3,56km,4,89€,16.2.2018,21.44,11.63555382,48.22450027,7%
JH4KB2F56AC840672,DriveNow,2,28km,29,83€,5.12.2018,14.13,11.77980669,48.17186062,34%
1G6DN57U460762820,DriveNow,2,61km,2,39€,29.3.2018,8.47,11.37384200,48.20056859,85%
WAUBFAFL0FA092189,Car2Go,2,82km,1,80€,17.4.2018,4.24,11.35019162,48.15268123,89%
WAUUL68E35A465740,DriveNow,4,27km,28,90€,26.9.2018,20.10,11.47857879,48.1536353,47%
3C4PDDBG5CT865851,DriveNow,2,30km,29,90€,15.7.2019,8.30,11.65300352,48.11486160,91%
3VW4A7ATXDM307420,Car2Go,5,13km,10,78€,6.5.2017,11.7,11.3355470,48.20676382,85%
1GYFK66807R644294,Car2Go,3,82km,5,40€,24.9.2018,6.20,11.7741924,48.12586515,18%
WBAEN33413P713554,DriveNow,2,62km,23,99€,10.12.2018,2.2,11.58560916,48.9816269,73%
5TDBY5G10BS126355,DriveNow,5,10km,26,50€,11.4.2018,1.51,11.39806605,48.133417,26%
1N6AF0LX5EN130083,Car2Go,4,38km,16,94€,29.12.2017,3.17,11.43233253,48.1487277,12%
WAUBGAFB4AN472562,Car2Go,2,68km,19,52€,20.2.2018,20.58,11.61391843,48.21626077,7%
1VWAH7A35DC518170,Car2Go,3,79km,30,96€,8.8.2018,14.12,11.16917690,48.370558,69%
JN1AY1AR8DM018098,DriveNow,3,90km,17,91€,9.2.2018,23.58,11.34820880,48.2444338,73%
WAULT68E63A929306,Car2Go,4,87km,24,70€,14.6.2019,14.7,11.26539805,48.9689038,73%
1FA6P8AM6F5235820,DriveNow,4,29km,15,60€,6.3.2017,15.17,11.68778392,48.10499095,80%
WAUWFAFH1BN402611,Car2Go,3,4km,11,50€,10.12.2018,12.35,11.12396039,48.26259110,70%
1G4PP5SK4C4922124,DriveNow,3,85km,1,67€,30.6.2018,13.45,11.72720554,48.11912302,54%
SCFEBBBC3AG266996,Car2Go,3,86km,17,33€,15.1.2018,6.30,11.28832392,48.25510494,66%
WAUWFAFH3DN817495,Car2Go,5,44km,6,28€,13.6.2018,21.38,11.45583189,48.20845365,36%
2G4G15GV3B9195350,DriveNow,5,63km,5,93€,24.9.2018,11.7,11.34938786,48.25016690,82%
1G6YX36D485502733,Car2Go,2,66km,19,98€,13.9.2017,5.15,11.33911898,48.1088265,24%
KNAFU5A2XD5113181,DriveNow,2,77km,1,71€,4.6.2019,2.34,11.19874147,48.677164,14%
1N6AF0LX3EN298580,Car2Go,4,77km,10,43€,23.7.2017,10.22,11.11457192,48.16627111,91%
WBANA73534B160304,Car2Go,4,19km,29,68€,20.11.2019,3.43,11.18337952,48.21589338,15%
1G4GE5GD1BF458955,DriveNow,3,63km,24,94€,17.5.2017,4.46,11.12429769,48.21283115,35%
KMHHT6KD2DU380353,Car2Go,3,28km,5,49€,30.3.2019,4.52,11.51063714,48.17119366,100%
WAUMFAFH0FN614977,Car2Go,2,80km,27,37€,19.11.2018,2.50,11.11062693,48.20781785,94%
WAUEF98E08A573668,DriveNow,4,33km,13,72€,7.1.2017,8.59,11.40964001,48.11961346,48%
5GAKVAED5BJ038608,Car2Go,3,40km,0,80€,2.1.2018,2.49,11.16546881,48.19664959,64%
WBAWR33508P738423,DriveNow,3,39km,23,39€,12.9.2017,16.38,11.77553802,48.12853176,33%
JN1AZ4EH2AM928258,DriveNow,3,59km,18,98€,30.7.2019,15.34,11.18124541,48.27809688,47%
1G4HE57Y26U400779,Car2Go,4,17km,12,38€,27.4.2018,14.30,11.80866629,48.20883890,11%
WAUDF48HX7K744153,DriveNow,5,71km,4,54€,21.12.2017,11.40,11.74569144,48.5091773,55%
3VWKP7AJ2DM499145,Car2Go,3,52km,6,30€,26.11.2019,10.43,11.44591232,48.23434946,56%
1GYFK638X7R180984,DriveNow,3,82km,24,89€,17.1.2018,0.12,11.54039750,48.21358175,79%
WAU4FBFL6AA170787,Car2Go,5,70km,14,95€,20.3.2018,6.52,11.46314172,48.26461226,67%
SCFAD02A95G522446,DriveNow,5,20km,27,68€,23.5.2018,10.42,11.21124563,48.27581660,37%
JTHKD5BH6E2782912,Car2Go,2,73km,24,89€,22.4.2017,9.40,11.78705470,48.14061608,25%
WAUNF78P68A359628,DriveNow,5,17km,3,45€,23.12.2018,9.8,11.15237073,48.13482102,83%
3D73M4HL5AG734403,Car2Go,4,59km,5,56€,4.10.2018,22.17,11.75051763,48.7562613,19%
2HNYD2H66DH150668,Car2Go,2,83km,17,36€,23.11.2018,4.51,11.81557627,48.15833827,47%
2FMDK4AC1AB226682,DriveNow,4,45km,13,69€,17.1.2019,5.31,11.33510159,48.15841771,48%
JN8AZ1MU1CW884646,Car2Go,2,59km,29,61€,25.3.2018,17.29,11.40557402,48.27169136,38%
1GYS3CEF4BR341263,Car2Go,3,44km,23,50€,8.9.2019,8.18,11.79791613,48.5333725,62%
WAUDK78T08A881580,Car2Go,5,71km,16,58€,22.2.2019,8.19,11.31282206,48.14178768,37%
2T1BURHEXEC766218,DriveNow,3,32km,19,32€,19.9.2018,6.48,11.69661954,48.18691360,96%
5UXFG43578L025880,DriveNow,5,14km,29,41€,28.4.2019,8.34,11.32949034,48.16392571,37%
YV1902AHXE1538823,Car2Go,5,36km,14,46€,19.8.2019,20.53,11.13033831,48.17984026,68%
WAUBF98E98A085144,Car2Go,4,47km,9,68€,27.8.2019,6.39,11.7014105,48.24021215,68%
1G4HP57M59U030598,Car2Go,3,7km,10,90€,3.6.2019,12.29,11.51797947,48.21282706,69%
WBAKE3C51BE200536,DriveNow,5,43km,16,59€,18.5.2017,1.32,11.17627038,48.22497458,18%
1FTEW1CW9AK861903,DriveNow,2,88km,14,33€,19.4.2019,7.29,11.68969593,48.6718392,37%
2G4GS5EK1C9597987,Car2Go,3,74km,10,87€,24.12.2019,8.35,11.41188196,48.5667051,23%
1FTEW1CM7BF516829,Car2Go,4,68km,29,80€,30.4.2017,8.2,11.7071272,48.11417683,22%
WAUAFAFH1DN999143,Car2Go,4,19km,9,31€,4.7.2017,20.6,11.21939821,48.24129201,11%
JTDKN3DU9B0191803,Car2Go,5,50km,24,85€,21.7.2018,21.47,11.67284710,48.12717392,12%
5TFBW5F10DX953390,DriveNow,2,49km,11,72€,26.2.2019,6.2,11.65070616,48.25254867,26%
WAUAF48H37K219776,Car2Go,2,40km,23,26€,13.6.2019,11.40,11.31906174,48.27308135,96%
KMHHT6KD4BU075305,Car2Go,5,51km,24,35€,3.11.2018,15.17,11.53210957,48.9355598,19%
3VW4A7ATXDM114264,Car2Go,2,76km,21,57€,29.8.2018,8.37,11.51898843,48.17091083,48%
JM1BL1H44A1058928,Car2Go,3,16km,5,72€,11.1.2017,12.57,11.68997999,48.12614906,76%
WAUVFAFH5BN245130,DriveNow,3,52km,5,77€,14.8.2019,3.26,11.77151861,48.5151482,32%
WUARU98E67N661659,Car2Go,4,49km,16,76€,28.4.2018,22.14,11.64643479,48.1724133,12%
WDDEJ7EB0BA053452,Car2Go,2,14km,16,49€,8.2.2017,8.48,11.61916253,48.1400994,72%
WAUVT54B13N713743,Car2Go,3,71km,18,49€,17.12.2018,16.10,11.73773477,48.9556198,92%
5J8TB1H27CA286691,DriveNow,2,23km,3,84€,14.11.2018,8.42,11.7158158,48.9551209,68%
WA1YD64B64N691947,DriveNow,4,90km,3,59€,2.8.2019,16.19,11.31215474,48.4047130,8%
NM0KS9BN2DT196914,Car2Go,2,24km,10,87€,10.11.2017,17.32,11.78747515,48.9691396,87%
1G6KD57Y39U935978,DriveNow,3,23km,3,54€,5.2.2019,22.7,11.62987165,48.19758774,90%
JTDKDTB3XD1719813,DriveNow,2,80km,29,67€,17.9.2017,10.27,11.18600023,48.28034241,31%
WP0CA2A8XBS652951,DriveNow,5,88km,28,94€,28.12.2017,0.58,11.24436218,48.22465673,27%
WBAAV53451F046985,DriveNow,5,33km,11,29€,6.10.2019,17.16,11.28495875,48.292441,27%
4JGDA2EB5CA921676,DriveNow,2,59km,0,48€,16.11.2018,22.17,11.43972912,48.11898238,10%
JM1NC2EF6A0806254,DriveNow,5,66km,12,51€,13.9.2018,9.33,11.60375656,48.6931946,20%
1FTSW3B55AE943519,DriveNow,5,23km,19,46€,16.12.2017,4.27,11.74060633,48.11842927,93%
3VWJP7AT4CM136356,Car2Go,2,5km,19,63€,28.7.2019,1.25,11.45070406,48.25920706,72%
3VWML7AJXEM583221,DriveNow,2,41km,7,80€,16.12.2018,9.59,11.28311236,48.10711092,41%
1G6KD54Y54U181740,DriveNow,2,26km,27,90€,29.12.2018,3.39,11.29254567,48.16038312,51%
JN1AZ4EH3FM177923,Car2Go,5,34km,11,97€,9.8.2019,23.3,11.66130173,48.25796042,67%
WAUEL74F75N420785,Car2Go,5,4km,19,65€,23.11.2019,5.26,11.6348927,48.12758844,99%
WDDGF4HB1ER450212,DriveNow,4,54km,18,37€,2.4.2017,22.48,11.41694370,48.4457381,48%
1G6KE57Y22U323399,DriveNow,5,82km,0,64€,24.1.2017,6.36,11.41496871,48.11471219,65%
JH4KB16537C015160,DriveNow,4,7km,2,27€,12.4.2017,15.45,11.7805681,48.7880695,66%
ZFBCFADH3FZ211623,DriveNow,4,36km,2,81€,15.7.2019,16.4,11.77979443,48.24631069,88%
WA1VMBFE8DD470360,Car2Go,2,79km,29,57€,7.2.2019,23.34,11.72949064,48.735006,57%
1GTG5AE31F1505038,Car2Go,3,90km,16,34€,5.2.2019,2.17,11.28634978,48.11716598,85%
WBAKE5C54BE176891,DriveNow,5,55km,21,62€,19.1.2018,22.22,11.48172429,48.17251458,99%
WBAYB6C58FD268638,Car2Go,5,41km,8,85€,4.7.2019,2.58,11.53412799,48.5053941,6%
1G6AB1RX2F0538005,Car2Go,4,49km,18,49€,8.6.2017,4.44,11.14834697,48.19928122,22%
1FTSX2A54AE744129,Car2Go,4,33km,23,84€,21.2.2018,3.39,11.28695619,48.20029611,28%
WAUWGAFB3BN204041,Car2Go,5,19km,8,68€,25.10.2019,9.52,11.41516667,48.11503006,7%
1GYS3UKJ0FR951357,DriveNow,3,28km,20,96€,26.2.2017,14.38,11.15379523,48.8852731,18%
5TFCW5F16DX668004,Car2Go,5,70km,11,28€,19.11.2018,2.35,11.63552494,48.6680842,42%
5FRYD4H86FB640800,Car2Go,3,65km,16,78€,10.10.2018,19.15,11.72813990,48.25004295,43%
WA1DKAFP4BA293043,DriveNow,5,2km,11,43€,13.7.2017,6.22,11.41441194,48.10963548,87%
WBABW334X4P143801,Car2Go,4,9km,16,83€,27.8.2018,17.55,11.26061761,48.14966445,13%
1N6AD0CU1BC162161,Car2Go,5,9km,16,34€,6.9.2019,14.26,11.3146323,48.11309689,1%
WBAUN1C50BV693896,Car2Go,5,25km,4,88€,1.8.2018,14.36,11.29188481,48.26083063,11%
WBABD53446P306785,DriveNow,5,1km,3,60€,28.8.2019,8.24,11.63282007,48.17632232,10%
1G6DH5EG1A0965533,Car2Go,3,58km,18,75€,26.3.2017,17.52,11.43341581,48.6584363,18%
WBAPL3C59AA019380,DriveNow,4,5km,19,64€,11.4.2018,20.54,11.52339997,48.25696079,77%
1FMEU5DE0AU043933,DriveNow,4,22km,9,66€,12.12.2018,18.9,11.45354075,48.16588127,43%
SCFAB05D49G833395,Car2Go,4,30km,6,97€,8.8.2018,4.5,11.48248737,48.939782,16%
JHMFB4F20CS158303,Car2Go,2,67km,15,63€,23.7.2018,11.2,11.18926083,48.2832220,88%
JHMGE8G22AS066463,Car2Go,2,77km,30,64€,11.1.2018,8.41,11.56509717,48.22284068,33%
WAUSFBFLXAA365363,Car2Go,4,22km,29,25€,4.4.2018,16.3,11.71569764,48.17911354,79%
JN1CV6EKXDM347378,DriveNow,4,5km,14,54€,5.8.2018,11.39,11.65139119,48.5196236,25%
1GYFK438X8R269850,DriveNow,3,86km,28,35€,2.11.2018,10.13,11.31776733,48.11797376,81%
WA1BY74L57D620595,DriveNow,3,83km,11,50€,7.8.2018,6.3,11.67501168,48.17492911,11%
KNDPB3ACXF7791821,Car2Go,5,27km,10,60€,22.4.2017,21.16,11.26343667,48.19660455,77%
WAUKH74F58N093327,DriveNow,4,21km,20,97€,7.12.2017,13.36,11.51491568,48.18476434,72%
WAUJC68E15A288432,Car2Go,2,1km,5,80€,17.9.2018,7.13,11.57651410,48.10207264,12%
JTHBE1BL2F1943502,Car2Go,3,64km,29,59€,20.5.2017,14.45,11.11985142,48.24753226,70%
19UUA96299A176016,DriveNow,3,27km,28,59€,8.1.2018,17.2,11.17473462,48.27010223,95%
JTHBP5C21D5030727,Car2Go,5,46km,11,90€,27.7.2017,1.19,11.65583300,48.10760976,46%
5NPDH4AE5CH766535,DriveNow,4,82km,9,50€,22.6.2019,2.16,11.12237784,48.18310197,26%
3GYFNFE32FS513960,Car2Go,4,67km,2,49€,23.2.2019,10.47,11.39442817,48.18894123,55%
WVWED7AJXBW460390,DriveNow,2,63km,6,85€,9.4.2019,18.59,11.61185770,48.3327971,3%
JHMGE8G23AS827338,DriveNow,3,71km,16,59€,26.2.2019,1.59,11.76367884,48.15776472,99%
1GYS4LKJ2FR793322,DriveNow,3,66km,8,30€,24.10.2017,22.36,11.48129120,48.10140643,7%
3GYFNDEY5BS559860,DriveNow,4,59km,25,67€,4.4.2019,18.6,11.52824488,48.18600224,91%
1FTEW1C84FK823116,Car2Go,5,8km,17,39€,21.1.2017,21.3,11.79313706,48.26638650,23%
WP0CB2A8XFS472419,DriveNow,4,83km,29,27€,22.2.2019,11.1,11.69029741,48.18588555,53%
WBAKG7C51CE615830,Car2Go,5,52km,17,99€,30.7.2018,20.29,11.78984892,48.27017413,6%
5GAKVAKD6EJ552704,Car2Go,2,38km,7,68€,26.10.2019,16.49,11.30958632,48.20062560,65%
4JGDA2EB4EA006062,Car2Go,5,55km,15,71€,5.6.2018,3.4,11.59938908,48.10350123,45%
JTDBT4K39CL557989,Car2Go,2,24km,3,39€,15.6.2018,11.55,11.3230428,48.26072649,78%
5N1CR2MNXEC313109,DriveNow,5,37km,20,47€,15.3.2019,0.3,11.3794768,48.26359629,66%
1G4PR5SK7E4703266,Car2Go,5,86km,17,43€,26.5.2017,6.52,11.63029900,48.12995746,55%
JA32X8HW9EU888256,DriveNow,3,32km,4,68€,22.4.2019,10.33,11.81473402,48.8895291,88%
1G4GF5G31CF701525,Car2Go,2,15km,11,66€,7.5.2019,14.1,11.72608069,48.14452422,45%
YV1902AH0E1526518,DriveNow,5,3km,10,65€,10.2.2018,4.19,11.2980576,48.1140042,46%
WAUDF68E45A763026,Car2Go,5,19km,10,59€,6.8.2018,5.51,11.29064074,48.633958,14%
5GTMNGEE6A8412130,DriveNow,5,2km,14,95€,10.7.2018,8.11,11.3525980,48.16367836,28%
WVWAA7AHXBV178552,Car2Go,5,3km,30,80€,16.7.2017,22.23,11.43820647,48.25037755,55%
WVGAV3AX4DW104119,DriveNow,4,81km,9,95€,3.8.2017,21.44,11.56158412,48.13121934,10%
19UUA76508A144455,DriveNow,5,2km,7,89€,28.6.2018,17.29,11.33702891,48.22602625,88%
1G6DS8E31C0038745,DriveNow,3,72km,15,68€,5.3.2019,11.32,11.6734634,48.16895266,30%
1FM5K7B82EG971603,Car2Go,3,44km,26,59€,6.5.2017,8.21,11.64624966,48.5099187,86%
SCBLE37G76C846221,DriveNow,3,80km,10,72€,12.12.2019,22.30,11.17556293,48.14081841,70%
1FMJU1H50AE654685,Car2Go,2,41km,11,51€,13.10.2017,16.10,11.58441812,48.14295141,14%
JN1CV6AP1AM166487,Car2Go,3,43km,3,65€,28.6.2018,5.45,11.21151042,48.25237027,36%
2G4WC562751567613,DriveNow,3,38km,17,86€,12.10.2018,21.25,11.42082196,48.27349276,54%
1GYS3BEF7BR191269,DriveNow,4,35km,9,27€,2.1.2019,10.43,11.61960192,48.8066089,15%
2C4RDGEG4CR911324,DriveNow,2,10km,18,41€,13.10.2017,9.33,11.16737971,48.1925211,79%
WBA3T1C52EP778216,Car2Go,4,61km,15,37€,23.2.2017,0.40,11.9017984,48.5717553,6%
ZHWGU5BZ3CL242786,Car2Go,5,14km,7,61€,26.8.2018,5.5,11.69707698,48.20554999,63%
SALAB2D47DA620134,DriveNow,3,6km,11,80€,22.3.2017,20.54,11.71862151,48.5580075,24%
JN1AZ4EH4CM781539,DriveNow,3,80km,27,93€,19.9.2018,8.38,11.80461294,48.6465368,72%
3GYFNAE3XFS990915,DriveNow,4,31km,23,55€,7.9.2017,16.7,11.63105056,48.18989509,2%
5N1CR2MN2EC702942,DriveNow,4,34km,18,41€,13.7.2019,5.11,11.55400706,48.2055130,60%
WAUWFAFHXDN983500,Car2Go,4,67km,5,32€,15.4.2017,19.51,11.48623875,48.12339496,94%
WAUDH68D71A505062,Car2Go,2,53km,8,60€,12.7.2017,10.19,11.17602711,48.22019020,2%
1B3CB4HAXAD701247,DriveNow,4,31km,18,80€,15.7.2019,1.46,11.45652913,48.17249684,97%
KNDPB3A25C7345224,DriveNow,3,73km,16,35€,7.2.2017,4.57,11.69492873,48.18434241,16%
KNAFZ6A30F5476964,DriveNow,3,50km,15,47€,23.2.2018,13.9,11.81308784,48.11120736,28%
4T1BD1EB3EU010059,Car2Go,5,4km,19,53€,11.3.2017,11.34,11.78673451,48.27842810,98%
5UXZV4C51CL893448,DriveNow,3,85km,13,63€,29.5.2019,8.22,11.27452544,48.12797915,32%
1N6AA0CC7CN594145,DriveNow,4,76km,4,64€,8.4.2018,0.40,11.9006690,48.10756519,22%
WVWAB7AJ2DW728985,Car2Go,4,80km,22,48€,29.4.2019,11.14,11.39438185,48.8316290,58%
WBAWB3C57AP277179,Car2Go,5,74km,23,60€,23.11.2018,21.12,11.52492324,48.16304062,36%
WBA3A5C52FP509986,DriveNow,4,30km,4,81€,20.8.2017,8.23,11.28627359,48.4912594,6%
1GYS4DEF3DR001253,DriveNow,3,67km,9,34€,23.12.2019,13.56,11.49721792,48.22217906,69%
3VWKX7AJ4DM647232,DriveNow,4,26km,30,34€,14.4.2019,20.54,11.73948574,48.2899371,93%
WBABN33422J366546,Car2Go,4,49km,15,38€,12.4.2017,14.39,11.73681770,48.23902967,52%
1N6AD0CW6EN721407,Car2Go,5,2km,17,48€,20.10.2018,7.54,11.50278974,48.3521394,20%
WAURFAFR9DA939131,Car2Go,2,80km,2,99€,22.11.2019,19.17,11.46908206,48.24652821,79%
1G4HA5EM7AU994080,Car2Go,3,46km,15,80€,18.3.2019,17.12,11.73652283,48.24350572,82%
5N1AN0NU2CN099991,Car2Go,2,38km,19,76€,9.8.2019,6.26,11.76802623,48.17490915,23%
4USBU33568L684840,DriveNow,3,4km,7,30€,8.4.2017,17.39,11.15126285,48.18957360,99%
1N4AB7AP1DN822307,DriveNow,2,75km,22,85€,20.11.2018,23.11,11.38111439,48.5947161,13%
3GYT4NEF6CG777790,Car2Go,5,58km,4,73€,27.6.2017,19.8,11.46554293,48.18614856,82%
JN8AZ1MU4EW168827,DriveNow,3,67km,21,42€,17.12.2017,12.39,11.52939863,48.20622730,23%
3D7TT2CT9AG016285,DriveNow,3,46km,19,93€,22.2.2018,7.11,11.53226683,48.6123852,4%
2T3BF4DV0AW291469,DriveNow,5,21km,0,71€,5.1.2018,5.20,11.71167063,48.21655374,69%
WAUDF48H48K291097,Car2Go,2,51km,27,36€,19.11.2019,4.58,11.78369470,48.24162178,73%
1G6DL8E33D0486323,Car2Go,3,68km,28,70€,16.12.2019,0.15,11.52454254,48.4260280,89%
1C4AJWAG7FL384625,Car2Go,5,21km,29,88€,7.5.2018,21.51,11.80019226,48.18903904,75%
WBXPA93476W510594,DriveNow,2,33km,13,90€,14.11.2019,5.40,11.68836755,48.18133748,0%
1GYFK43539R200246,DriveNow,5,11km,29,98€,1.4.2018,7.5,11.57698547,48.17992917,63%
1C4NJCBA2ED379318,DriveNow,4,14km,23,44€,28.5.2019,5.27,11.45659704,48.905055,15%
2B3CJ5DT6AH342398,DriveNow,2,40km,24,57€,18.8.2017,2.19,11.38515713,48.21443156,75%
JN8AF5MR9BT248522,DriveNow,2,62km,30,55€,30.11.2019,12.34,11.66397008,48.23443887,48%
SCBCR7ZA3AC477760,DriveNow,3,72km,15,26€,17.4.2019,4.25,11.58349417,48.9667313,29%
KMHDB8AE2BU670869,DriveNow,3,52km,18,69€,16.9.2018,2.57,11.81019182,48.18101365,62%
WAUNF68P96A684927,Car2Go,3,81km,1,74€,14.8.2017,11.9,11.34573749,48.17129187,15%
WAUEFBFL3EN287097,Car2Go,2,78km,20,60€,26.5.2018,21.36,11.28176724,48.4309005,35%
WBA3B9C55EF978434,Car2Go,2,35km,10,44€,15.2.2018,23.43,11.51780787,48.27263489,7%
WAUEV74F88N312125,Car2Go,5,2km,7,75€,8.12.2018,5.12,11.26481526,48.12293758,36%
1GKUKFDJ1AR956610,DriveNow,4,40km,26,89€,24.12.2017,15.0,11.4639144,48.9401646,79%
KMHCM3AC0BU422868,Car2Go,5,63km,29,47€,20.10.2018,18.38,11.54093203,48.27262223,15%
1FTWW3CY6AE709500,DriveNow,5,28km,10,54€,17.8.2018,7.51,11.6101918,48.2301156,46%
KNDPB3A22C7979137,DriveNow,3,27km,15,77€,26.2.2019,0.54,11.30195488,48.26687933,31%
1G6DC8EG9A0882805,Car2Go,2,17km,18,91€,15.2.2018,0.35,11.57310567,48.19952121,82%
WBSBR93456P031366,DriveNow,2,56km,13,79€,4.8.2019,13.41,11.48303897,48.1740867,50%
WBABD53464P477504,DriveNow,2,76km,24,68€,19.9.2017,1.48,11.22830586,48.18611193,95%
1G6KD57969U020860,DriveNow,5,7km,22,64€,11.3.2019,19.16,11.50481310,48.13796364,84%
WVWAP7AN0EE379272,Car2Go,2,5km,28,25€,4.12.2017,22.34,11.20295635,48.13274456,73%
WAUAH74F06N368658,Car2Go,4,22km,7,85€,20.11.2017,6.23,11.65057316,48.16774387,92%
WAUEH94F38N183407,Car2Go,5,74km,26,25€,28.11.2017,21.59,11.39441769,48.27808465,3%
1G6AJ5SX3F0195614,DriveNow,3,9km,30,26€,20.5.2017,15.11,11.43486893,48.9887242,85%
WAUKGAFB4AN704237,DriveNow,4,36km,4,61€,25.1.2017,3.23,11.78991766,48.10168603,77%
4USBU33566L734925,DriveNow,5,43km,26,84€,14.8.2017,19.40,11.51200208,48.2721581,50%
19UUA8F23CA689523,DriveNow,5,88km,24,28€,17.10.2018,9.50,11.60402022,48.3495632,56%
WAUVT58E55A804545,Car2Go,2,27km,30,69€,11.9.2019,4.30,11.49433512,48.9561830,3%
JH4DC54825S798162,DriveNow,2,76km,3,72€,3.4.2019,2.57,11.80669386,48.6836661,99%
5N1AZ2MG6FN204385,DriveNow,5,79km,9,93€,18.1.2019,19.19,11.67598014,48.22151310,63%
19UYA41703A011485,Car2Go,2,45km,18,33€,20.11.2017,3.23,11.36343693,48.26608911,32%
KNAGM4AD6D5021484,Car2Go,3,49km,4,57€,13.7.2018,6.20,11.21038275,48.7911599,11%
TRUUT28N651615924,DriveNow,4,35km,30,63€,2.4.2018,22.46,11.62204016,48.8579147,55%
SAJWA6BC6F8083429,Car2Go,4,24km,19,76€,3.11.2018,8.8,11.53091075,48.8355652,65%
WAUKGAFB1AN596479,Car2Go,3,28km,3,49€,23.9.2019,13.5,11.49899777,48.15556243,92%
WAULT58E34A657213,DriveNow,5,80km,6,90€,18.1.2018,12.59,11.23761483,48.17613762,92%
WBAEP33473P158250,DriveNow,3,60km,27,91€,24.2.2017,7.2,11.80628607,48.11402965,84%
WAULD64B24N890748,DriveNow,3,81km,24,29€,25.4.2019,12.53,11.73715748,48.9409835,83%
1GKS1CKJ0FR339427,DriveNow,2,17km,10,29€,27.3.2017,6.18,11.71517104,48.10469642,34%
4USBU53526L377948,DriveNow,3,29km,10,48€,19.4.2018,7.56,11.57700428,48.5928287,15%
JH4CL96898C951084,Car2Go,2,3km,1,51€,14.5.2017,15.40,11.66422400,48.10775148,16%
2G4GU5GV2D9957092,DriveNow,5,87km,23,84€,19.6.2019,12.59,11.43563668,48.4796919,53%
W04GX5GV7B1352413,Car2Go,4,8km,9,51€,10.12.2019,15.46,11.75226204,48.23528215,49%
JH4CU2F67BC853309,Car2Go,2,48km,26,45€,6.12.2018,14.8,11.9964184,48.9398946,36%
NM0KS7DN2AT678473,Car2Go,3,42km,22,86€,2.4.2019,9.37,11.62710018,48.17750747,98%
KMHTC6AD0CU345000,Car2Go,4,25km,25,61€,29.9.2019,1.55,11.48246472,48.18430414,78%
WBA3C3C59EF414683,Car2Go,2,57km,13,50€,16.10.2018,19.15,11.55336959,48.14279550,61%
3D73M3CL4BG830946,DriveNow,4,52km,16,58€,5.8.2019,21.12,11.64512491,48.16458540,27%
YV1852AR4A1562468,Car2Go,4,15km,20,42€,26.2.2019,21.6,11.48920802,48.8394109,60%
3N1AB7AP3FY916806,DriveNow,4,56km,4,37€,30.12.2019,9.57,11.4708368,48.20834260,34%
WBADS43492G720731,DriveNow,3,39km,4,26€,26.10.2019,1.40,11.67335375,48.19801566,37%
WBASP2C57DC025048,DriveNow,3,72km,25,57€,26.9.2018,12.8,11.41190651,48.27044456,39%
5N1AR2MM6FC562684,Car2Go,5,88km,29,46€,10.11.2017,23.37,11.29881554,48.20014059,57%
WBAEK734X5B212923,Car2Go,5,62km,19,27€,22.2.2019,19.33,11.36596758,48.12619943,84%
1N6BF0KMXFN348713,DriveNow,4,7km,29,80€,6.2.2017,16.56,11.69937375,48.16986060,2%
5LMJJ3H54BE322920,DriveNow,2,5km,1,34€,13.9.2018,2.18,11.14569619,48.1715979,22%
SCFFDCBDXCG762880,DriveNow,4,34km,19,46€,8.8.2019,2.27,11.16820786,48.25946592,5%
WA1VFAFL0EA858320,DriveNow,4,74km,15,75€,30.7.2017,20.25,11.41510164,48.14087220,18%
JA32U1FU5BU155148,DriveNow,3,73km,14,43€,30.7.2017,16.47,11.8469612,48.18335064,21%
YV1612FH2E1613507,DriveNow,5,44km,13,45€,24.11.2018,11.40,11.48902180,48.16902942,62%
2C3CDXEJ2FH215626,Car2Go,4,42km,4,60€,28.8.2018,18.53,11.8516488,48.8560775,19%
3C6TD5MT7CG961964,DriveNow,2,29km,28,34€,23.6.2019,12.54,11.57846428,48.18952981,86%
WAUMFAFL4DA743698,Car2Go,4,4km,7,52€,27.6.2018,19.18,11.46567482,48.1837640,48%
1GYFK46828R091265,Car2Go,3,15km,22,34€,15.12.2019,15.45,11.77960205,48.4369694,81%
3C4PDDDG2DT422684,DriveNow,2,45km,11,44€,30.10.2017,22.48,11.69379975,48.15969483,89%
WBXPC93479W816032,Car2Go,3,53km,29,91€,4.9.2018,9.8,11.8582157,48.3026180,39%
WAUAF98E05A942460,DriveNow,4,27km,15,82€,23.1.2018,9.27,11.25440979,48.26795301,46%
WA1WMAFE3FD220221,Car2Go,2,48km,13,25€,25.7.2018,21.32,11.58193188,48.18807033,65%
WDDHF2EB3BA155877,DriveNow,4,70km,14,73€,10.4.2017,19.55,11.6026160,48.13772828,4%
JTHBL1EF6A5383013,DriveNow,2,74km,3,91€,26.11.2017,21.4,11.70901929,48.24713904,75%
JN1AZ4EH3AM231603,DriveNow,3,55km,1,59€,30.5.2018,22.9,11.64733090,48.27240688,56%
SCFFDCBD3CG015931,Car2Go,4,89km,9,52€,16.8.2019,10.29,11.65058725,48.7794616,59%
4A4AP3AU5EE936525,DriveNow,2,82km,5,86€,19.4.2019,16.22,11.30353305,48.27625822,34%
WBA4A9C50FD515539,DriveNow,5,14km,6,71€,1.1.2019,10.14,11.43011878,48.20919527,42%
JTMHY7AJ3B5751420,Car2Go,3,69km,17,88€,13.12.2018,13.21,11.54894096,48.10862402,45%
WBAGG83431D404232,Car2Go,5,63km,3,92€,12.4.2019,19.54,11.51094990,48.10471327,74%
KMHGH4JH1FU783765,Car2Go,4,53km,10,97€,27.8.2018,12.10,11.77771118,48.5786478,41%
JN1CV6FE5BM459981,Car2Go,4,7km,4,40€,4.9.2019,19.55,11.77622959,48.11306080,55%
JN1CV6FE5FM158052,Car2Go,4,31km,12,51€,23.7.2018,5.17,11.61013576,48.5015854,79%
WBAEV53443K303968,Car2Go,5,35km,17,38€,10.2.2017,16.6,11.60460911,48.6260779,97%
5UXZV4C5XD0423843,DriveNow,3,76km,10,40€,6.1.2018,6.24,11.16772112,48.19800860,14%
3C4PDCAB5FT324027,Car2Go,3,85km,1,86€,5.5.2018,14.25,11.45874333,48.17686470,85%
1G6DZ67A990708465,DriveNow,4,2km,24,35€,19.5.2017,13.3,11.49193651,48.27944716,7%
2G4WD552261234669,Car2Go,4,71km,7,81€,26.7.2017,2.5,11.81621168,48.2852004,71%
TRUWT28N121461014,Car2Go,4,56km,6,68€,2.2.2018,4.36,11.40049470,48.10680799,67%
WBAYP5C59ED119049,Car2Go,4,27km,5,46€,20.11.2018,18.2,11.51902758,48.2213609,97%
3VW1K7AJ6BM222070,Car2Go,5,56km,15,59€,4.5.2019,21.50,11.50202993,48.5139056,45%
WAUXL68E95A765814,DriveNow,5,71km,27,80€,15.9.2019,10.56,11.28940274,48.10665542,37%
KMHTC6AD2EU409346,Car2Go,4,80km,23,69€,8.2.2019,17.57,11.49689313,48.14594762,8%
SCBGT3ZA4DC130440,Car2Go,5,81km,5,48€,29.6.2017,22.57,11.50169161,48.21339504,49%
1G6KD54Y81U804084,Car2Go,4,71km,1,85€,9.5.2018,18.8,11.48398032,48.3937915,89%
1FTEX1EWXAF019266,DriveNow,4,7km,22,39€,18.7.2018,21.38,11.24318963,48.13143579,73%
5GAEV13D19J681807,Car2Go,3,57km,9,83€,15.8.2019,6.11,11.7972075,48.16085438,57%
WAUMF98PX6A126078,DriveNow,3,83km,26,64€,18.6.2018,4.14,11.47530409,48.2288982,17%
WBAUU3C56BA592853,DriveNow,5,66km,5,64€,13.3.2017,22.6,11.56757755,48.26780931,19%
JN8AZ2NC9F9911171,Car2Go,5,72km,13,42€,26.3.2019,10.29,11.18634460,48.6424857,25%
1G6DU6EV2A0010918,DriveNow,3,78km,14,26€,14.2.2019,15.19,11.41937512,48.8140859,37%
4USBT33414L632245,Car2Go,4,29km,21,63€,26.12.2017,15.54,11.15642627,48.13041927,65%
1HGCR2E54EA367862,DriveNow,2,49km,3,25€,20.9.2017,8.31,11.67245415,48.21740852,39%
WAUVT64B53N260121,Car2Go,2,53km,12,61€,25.9.2019,0.13,11.67896915,48.25252907,91%
1YVHZ8BH4A5335769,DriveNow,4,52km,4,75€,12.3.2019,1.52,11.74822106,48.11068232,23%
WAUDF48H57A079698,Car2Go,4,43km,22,83€,26.8.2018,11.58,11.23384404,48.15940521,61%
3VW4A7AT3DM263177,Car2Go,2,38km,24,39€,2.3.2019,3.56,11.12886794,48.1675149,57%
1G4GA5GR8CF942565,Car2Go,4,54km,2,58€,27.9.2018,21.23,11.81877821,48.13883541,41%
KMHCT4AE3CU460638,Car2Go,4,64km,2,98€,25.11.2018,1.23,11.4839401,48.17290197,70%
1D7RE3GK5BS823277,DriveNow,2,39km,7,82€,26.1.2017,0.11,11.67628513,48.13553283,0%
1FTNF2B58AE047240,Car2Go,4,9km,28,70€,26.7.2019,23.20,11.20241623,48.18363454,72%
1HGCP2E84AA282109,Car2Go,4,39km,30,64€,30.10.2017,6.10,11.18194115,48.8466059,62%
KNADM4A32D6237417,Car2Go,4,3km,30,95€,21.4.2017,8.32,11.32810319,48.27507250,72%
WBSWD9C53AP395867,DriveNow,3,74km,13,69€,7.10.2019,16.12,11.43899552,48.22761793,21%
WAUGVAFR4CA686888,Car2Go,2,23km,9,41€,21.11.2017,23.16,11.26646754,48.8807454,72%
3GYT4LEFXBG573383,DriveNow,4,36km,3,61€,28.8.2017,20.57,11.45350071,48.19548718,11%
WBANV1C54AC679403,DriveNow,5,25km,16,33€,1.11.2018,0.5,11.60377288,48.15556432,16%
1FMJK1F56CE594410,DriveNow,4,73km,25,74€,10.5.2019,19.24,11.64434057,48.5174018,20%
YV4952CF0E1748895,DriveNow,3,60km,6,96€,26.5.2017,14.49,11.22635032,48.27737564,73%
5FPYK1F2XCB015095,DriveNow,2,10km,4,25€,26.2.2019,0.59,11.22076988,48.25365746,24%
WAULT68E54A527231,Car2Go,5,42km,2,73€,1.2.2019,7.17,11.52547461,48.3081281,8%
WAUKH78E76A999453,DriveNow,5,49km,29,98€,30.8.2018,7.31,11.41292670,48.12511918,36%
WP1AA2A25EL627999,Car2Go,5,58km,20,29€,13.1.2019,16.33,11.71653762,48.23182790,64%
WA1FFCFS3FR841246,DriveNow,2,43km,11,62€,12.1.2019,10.53,11.34700493,48.4950915,54%
JTHBL5EF1D5921094,Car2Go,3,5km,14,93€,30.8.2017,11.41,11.73898884,48.24771525,2%
WAUJFAFHXCN932734,DriveNow,5,20km,17,66€,12.3.2019,6.34,11.52027404,48.7596166,71%
SCFAD06D29G148580,Car2Go,2,19km,20,59€,26.7.2019,17.21,11.77356854,48.2673366,97%
WAULC68E84A985541,Car2Go,4,76km,18,69€,1.11.2017,23.9,11.43068330,48.13828430,35%
4JGDF2EE7EA456123,DriveNow,3,41km,30,91€,1.8.2018,23.33,11.18885929,48.17573704,74%
WAUNF78P97A307568,DriveNow,2,86km,7,47€,10.5.2018,8.10,11.17875245,48.24838613,26%
5N1AN0NU2CN290245,DriveNow,4,46km,7,62€,10.9.2017,0.35,11.49780104,48.16041317,4%
YV1612FH2E1334378,DriveNow,5,13km,12,89€,26.6.2017,6.54,11.24404825,48.7928561,80%
3CZRE3H36AG351768,Car2Go,5,36km,6,93€,17.12.2019,7.6,11.9208297,48.14075211,22%
2T1BURHE1FC108160,Car2Go,4,26km,2,79€,13.1.2017,9.16,11.53802687,48.23822428,15%
1C6RD6MT3CS270505,Car2Go,2,82km,3,84€,25.1.2018,20.38,11.18553398,48.3892692,10%
JN1AZ4EH0CM213742,Car2Go,4,72km,4,56€,8.10.2017,9.49,11.78834767,48.22835607,24%
WA1C8AFP7DA320216,Car2Go,5,42km,30,88€,1.9.2018,8.46,11.18621543,48.13203283,53%
5XYZT3LB1FG671743,Car2Go,3,59km,6,25€,23.7.2018,2.51,11.54896270,48.24243304,88%
1FTKR1AD5BP935687,DriveNow,5,75km,8,89€,24.2.2019,2.50,11.66115562,48.18496206,2%
WAU3FAFR3CA881926,Car2Go,4,86km,15,58€,9.8.2018,11.51,11.29708734,48.20083672,42%
WAUSH74F57N513179,Car2Go,4,80km,16,44€,4.7.2018,14.29,11.15100067,48.18716671,51%
KNADM4A30C6750521,DriveNow,4,87km,2,50€,16.3.2017,9.42,11.65155912,48.14330529,9%
1GYUCEEJ1AR611136,DriveNow,2,66km,2,91€,13.11.2018,20.36,11.34072188,48.22062756,22%
5UXFG2C52BL556920,DriveNow,5,40km,12,32€,3.10.2017,15.56,11.40070871,48.27878549,25%
4A31K5DF5CE430900,DriveNow,4,74km,5,73€,30.8.2017,22.26,11.39836925,48.18085169,57%
WAUKH78E28A254841,DriveNow,2,71km,20,36€,26.7.2019,1.23,11.3360979,48.12832055,4%
WAUHFAFL6CN269813,Car2Go,2,53km,29,29€,10.7.2018,2.3,11.11304264,48.17753599,40%
JHMGE8G30CC665433,DriveNow,5,90km,0,93€,29.5.2017,7.30,11.9949740,48.25982500,57%
WAUJFAFH2CN681112,DriveNow,4,5km,26,89€,4.8.2019,16.22,11.10983560,48.2923103,15%
5UXZV4C58D0802260,Car2Go,5,87km,24,76€,18.10.2018,11.30,11.11716743,48.9203209,90%
19UYA41663A347570,Car2Go,4,82km,15,51€,21.2.2018,14.29,11.51235545,48.22357555,46%
WBA3A9G5XFN465703,Car2Go,3,6km,0,82€,8.6.2017,9.46,11.6356088,48.10739766,24%
JTDBT4K34B4280788,DriveNow,4,63km,26,91€,27.12.2017,13.48,11.8033280,48.21024099,60%
1G6DV5EPXD0248481,DriveNow,2,14km,17,41€,3.9.2018,1.4,11.39282622,48.20771865,26%
1C3CCBBB9EN234117,DriveNow,5,66km,27,98€,4.1.2019,21.41,11.60297776,48.6309005,94%
1C4PJLAB0EW083995,DriveNow,5,69km,19,64€,24.5.2017,13.48,11.21367457,48.8971346,72%
2C3CDYBTXDH992211,DriveNow,3,33km,28,58€,26.8.2019,21.5,11.62533323,48.19675342,41%
WAUKD98P66A795994,DriveNow,4,75km,9,89€,8.10.2018,18.38,11.21107147,48.3657122,43%
WA1LKAFP0AA559684,DriveNow,2,23km,5,54€,22.2.2017,7.15,11.10252743,48.18051034,31%
1G6AC1RX4F0401886,DriveNow,4,23km,29,92€,25.3.2017,14.23,11.55103178,48.19320602,45%
1G6EL12Y11B264228,DriveNow,4,84km,28,62€,12.10.2019,2.37,11.18013189,48.12803865,22%
5N1AA0NC6CN472260,DriveNow,3,52km,24,97€,4.2.2019,19.20,11.22630104,48.9943310,15%
JTHBK1GG7D2551045,Car2Go,2,8km,2,47€,8.12.2018,0.40,11.21819482,48.8062636,31%
WA1AY74L07D793730,Car2Go,2,22km,17,53€,17.8.2018,20.29,11.68328690,48.9759117,29%
2G4WC582961585738,DriveNow,2,43km,22,46€,27.8.2018,0.33,11.33015612,48.5669455,75%
WAUWFBFL5AA560546,Car2Go,4,67km,19,81€,20.11.2018,10.21,11.72984264,48.8785193,20%
WAUEFAFL7FN629680,Car2Go,4,11km,29,62€,18.5.2019,21.49,11.63965302,48.10966184,31%
WAUMGAFL5AA923801,DriveNow,5,53km,11,58€,8.2.2017,11.37,11.23419033,48.18424186,75%
5N1AL0MM4FC863248,DriveNow,4,29km,29,91€,8.6.2017,15.57,11.21201605,48.7162842,41%
JH4KB16597C781930,DriveNow,4,16km,1,92€,7.10.2019,16.56,11.13732192,48.2878210,93%
1FAHP3HN8AW938901,DriveNow,5,90km,15,94€,1.12.2017,1.54,11.66387996,48.11917109,16%
TRURD38J291177611,DriveNow,3,41km,2,53€,6.10.2018,11.14,11.42261709,48.11325807,26%
4T3BA3BB8AU550999,Car2Go,5,14km,19,88€,2.11.2018,18.35,11.31725798,48.21534819,39%
WAUFFAFL9BA730631,DriveNow,5,41km,30,82€,6.5.2017,18.24,11.62512115,48.22546928,38%
2B3CJ4DG2BH746197,DriveNow,3,35km,14,68€,23.2.2018,18.17,11.36645784,48.19395454,95%
WAUAGAFD6DN203884,Car2Go,3,46km,24,97€,6.3.2019,11.45,11.7307489,48.24703270,97%
WBACN33451L940337,DriveNow,4,25km,10,86€,27.7.2017,22.20,11.61122487,48.7050386,39%
19XFB4F26DE515568,DriveNow,5,32km,13,57€,17.12.2017,18.27,11.26083589,48.18810456,11%
WBAKF5C53CE125882,DriveNow,4,43km,0,48€,15.4.2019,21.52,11.74509886,48.23590487,87%
1G6AX5S36E0540645,Car2Go,3,69km,13,66€,19.10.2019,6.39,11.72195598,48.19464944,30%
1GTC5MF97B8182764,DriveNow,3,73km,27,97€,20.9.2017,15.5,11.53183689,48.17493115,54%
1GYEE437X90733462,DriveNow,4,6km,9,45€,20.1.2019,17.45,11.53995051,48.23154158,39%
3GTXCYEJ0AG949079,Car2Go,4,14km,19,55€,25.11.2018,14.50,11.77253338,48.10247519,93%
WAUAF78E26A231915,Car2Go,4,61km,15,68€,22.9.2019,5.43,11.23432522,48.27049929,90%
WAUDG78EX6A786072,DriveNow,3,36km,0,58€,20.11.2017,12.48,11.56077694,48.15037499,41%
1B3CB9HA9AD423051,DriveNow,2,81km,6,46€,18.4.2018,19.37,11.50701942,48.19407716,30%
1G6KD57Y59U564192,DriveNow,3,21km,25,96€,13.6.2017,8.40,11.58006758,48.9781562,13%
3GYFK12229G600515,Car2Go,3,72km,10,45€,1.5.2019,16.19,11.26136227,48.25972210,18%
5TFBY5F13CX550223,Car2Go,2,41km,7,87€,14.3.2019,21.27,11.26098763,48.21741096,88%
1D7CE2BK2AS460930,DriveNow,2,20km,17,33€,25.4.2019,10.17,11.19095137,48.20495056,26%
JH4CL96947C084376,DriveNow,5,20km,30,74€,12.8.2017,20.51,11.8957398,48.22680182,81%
JN1CV6AP5BM551651,Car2Go,4,50km,8,37€,3.2.2017,7.58,11.42182131,48.21450248,36%
KM8NU4CC0AU426056,DriveNow,4,13km,1,51€,10.11.2019,10.58,11.27919580,48.18272981,35%
JTDZN3EU4D3026854,Car2Go,5,44km,21,55€,9.8.2018,18.57,11.54601733,48.4655563,69%
3N1AB6AP8BL682891,Car2Go,4,53km,16,54€,29.4.2019,2.38,11.78524620,48.19880439,59%
WAUMR44E46N619147,DriveNow,4,84km,7,88€,26.4.2019,18.58,11.72404626,48.4270330,27%
3MZBM1K72EM851974,DriveNow,2,28km,30,86€,4.11.2017,3.45,11.45790201,48.3842476,39%
1D4PU4GK7AW976926,DriveNow,3,64km,10,48€,11.8.2017,23.13,11.50093972,48.12944516,53%
WAUSH78E08A003414,Car2Go,3,10km,9,46€,11.5.2018,9.38,11.73142823,48.22028524,2%
3VWJX7AJ3AM622040,DriveNow,5,3km,28,80€,27.11.2019,9.31,11.15798239,48.22782341,4%
5UXFH0C55BL813120,DriveNow,4,14km,14,84€,23.8.2017,7.44,11.38098611,48.6988370,89%
WAUWFAFH0CN156975,Car2Go,2,82km,16,73€,30.11.2019,3.51,11.67964881,48.2577119,7%
WBAPT73509C047804,Car2Go,3,71km,24,38€,18.12.2017,1.49,11.39734608,48.386847,8%
JTHBK1GG6D1204375,DriveNow,2,73km,2,51€,9.10.2019,21.33,11.55145604,48.13326037,91%
WAUBF48H87K348164,Car2Go,3,57km,3,80€,12.6.2019,14.13,11.51592610,48.27702377,94%
1G6EL12Y71B584413,Car2Go,5,41km,28,55€,26.6.2019,20.5,11.37243642,48.7348857,83%
3GYT4NEF7BG104702,Car2Go,4,11km,7,58€,4.11.2017,1.19,11.76685603,48.7481312,8%
WBAUN9C58AV250215,Car2Go,2,87km,28,72€,10.12.2019,10.25,11.8046391,48.25658402,77%
1G6DW677060122956,DriveNow,4,69km,4,36€,15.4.2017,11.33,11.41325155,48.14276818,54%
JM3TB2MA9A0955216,Car2Go,3,3km,5,90€,16.7.2017,4.45,11.55759175,48.23236269,60%
JN1AZ4EH7EM144311,DriveNow,2,23km,10,40€,10.12.2018,14.42,11.15673482,48.5722983,95%
JTHFE2C23E2155110,DriveNow,2,29km,14,35€,10.6.2018,4.22,11.30368942,48.14800768,20%
W04GY5GV7B1515381,Car2Go,3,25km,24,89€,17.7.2017,23.58,11.47667662,48.261195,52%
JM1GJ1T64E1721425,Car2Go,3,6km,5,77€,23.7.2019,19.33,11.20708669,48.2034633,80%
1G6DM8E39D0486694,Car2Go,4,86km,25,91€,12.9.2019,5.20,11.14951998,48.18930771,88%
WAUVFAFHXCN079849,DriveNow,2,68km,4,43€,28.5.2017,17.6,11.56136348,48.6936190,75%
SALVP2BG5FH171689,DriveNow,4,21km,21,70€,13.2.2018,6.18,11.69275807,48.21816498,52%
1G6DK67V580159823,DriveNow,4,19km,25,45€,27.12.2018,11.15,11.10103518,48.21772627,5%
WBAGK93471D246580,DriveNow,4,17km,5,93€,7.8.2019,19.28,11.12089156,48.18822469,38%
1D7RV1CT5BS742041,DriveNow,5,51km,6,70€,13.11.2018,11.9,11.48238249,48.26710633,0%
1G6AW5SX6F0575516,DriveNow,2,68km,30,49€,26.4.2018,4.46,11.53217685,48.7749969,45%
1G6DM56T750103785,Car2Go,5,77km,25,96€,6.6.2017,14.2,11.57324480,48.10952678,85%
JN8AZ1MU6DW782910,Car2Go,2,5km,26,38€,28.12.2018,2.52,11.62780268,48.2382949,71%
VNKKTUD33FA533837,DriveNow,4,5km,24,93€,19.11.2018,3.10,11.71061496,48.11075077,100%
WAURFAFR3DA535869,Car2Go,4,21km,21,91€,15.9.2017,18.25,11.74863108,48.8498800,14%
3C3CFFFH8ET279336,DriveNow,3,10km,5,53€,20.8.2017,20.56,11.50008791,48.17966136,21%
SCFEFBAC6AG744298,DriveNow,3,37km,15,96€,23.4.2017,20.13,11.47878787,48.8687362,26%
5UXFE4C51AL115375,DriveNow,3,27km,4,50€,30.4.2017,20.55,11.16134693,48.15030684,22%
WBAUN1C59BV112184,Car2Go,2,33km,0,56€,25.2.2017,14.20,11.55040495,48.19699264,36%
5J6YH1H39BL890218,Car2Go,2,54km,27,45€,20.4.2018,15.26,11.19682659,48.21779354,48%
2T1BPRHE9FC345440,Car2Go,4,47km,28,36€,17.2.2017,17.50,11.37602399,48.8025094,52%
2D4RN3DG6BR424098,Car2Go,4,13km,23,60€,3.2.2018,22.0,11.49179426,48.13907867,64%
1G6AT5S39F0143329,Car2Go,3,43km,13,30€,3.10.2017,0.58,11.9856068,48.18210174,61%
TRUSC28N621832148,DriveNow,4,60km,26,88€,16.7.2019,21.30,11.76539670,48.5113137,91%
WDDEJ7GBXBA781468,Car2Go,4,40km,3,42€,2.5.2018,11.36,11.44753937,48.6757744,0%
SALWG2WF6EA336193,Car2Go,5,33km,11,83€,20.9.2017,10.29,11.24969952,48.16783575,86%
2D4JN1AGXBR475898,Car2Go,5,76km,11,91€,1.1.2019,12.11,11.23937446,48.18041149,59%
2G4WF551641846808,DriveNow,5,8km,8,37€,13.9.2017,11.45,11.63868526,48.2968627,52%
3D7TT2CT3BG445293,Car2Go,4,28km,0,99€,14.2.2017,5.19,11.82019642,48.14436023,74%
1N6AA0EK1FN566284,Car2Go,3,66km,4,90€,6.11.2018,3.34,11.51018477,48.27711855,49%
JN1CV6EK4BM740256,DriveNow,4,31km,25,88€,3.5.2017,2.2,11.76176423,48.10408592,58%
WP1AE2A21BL981650,DriveNow,5,45km,3,91€,26.1.2017,21.37,11.53265903,48.19035492,49%
3C3CFFER3CT423978,Car2Go,5,77km,24,90€,2.3.2019,7.10,11.66400420,48.9641395,75%
1D4PT5GK5BW373452,DriveNow,2,37km,7,47€,17.1.2017,22.53,11.48415310,48.10706557,63%
5UMCN93452L937053,DriveNow,2,71km,27,33€,15.11.2019,23.29,11.27290967,48.12480194,31%
JTHBP5C22B5703750,Car2Go,2,50km,10,74€,24.3.2019,4.1,11.27569794,48.12561551,56%
WBSPM93519E185442,DriveNow,3,53km,26,49€,12.4.2018,1.10,11.26349472,48.17720068,56%
1C4RDHDG0CC800267,Car2Go,5,41km,8,71€,7.9.2017,8.43,11.24677089,48.13569942,89%
WDDEJ7EB1CA918236,DriveNow,4,32km,13,97€,17.1.2019,3.28,11.72696878,48.27710930,7%
WDDEJ7GB4BA192934,DriveNow,2,42km,2,69€,8.11.2017,18.12,11.60978702,48.4366311,23%
5GAEV13768J806292,DriveNow,5,88km,14,39€,30.11.2018,2.0,11.49398030,48.1721591,32%
SCFAD01A35G340453,DriveNow,4,77km,20,96€,4.12.2018,5.37,11.24528203,48.24866820,80%
5TDDCRFH0FS250371,DriveNow,5,44km,20,73€,15.9.2018,16.17,11.45881999,48.26141610,73%
1D7RB1CT0AS120437,Car2Go,3,22km,28,56€,11.11.2018,15.19,11.23866691,48.19250252,50%
5N1AN0NW1DN820000,Car2Go,5,48km,24,73€,7.1.2017,2.23,11.11416574,48.13390354,5%
WAUDF58E45A709963,DriveNow,4,57km,15,91€,16.5.2019,11.16,11.67636445,48.13623506,76%
WAUGL68E55A758634,DriveNow,4,67km,19,43€,27.11.2019,16.54,11.64676920,48.13658499,75%
3FADP4AJ3CM307066,Car2Go,2,50km,26,98€,11.3.2017,23.18,11.14099376,48.23650732,42%
WAUBVBFB7BN133470,DriveNow,3,32km,18,79€,26.4.2019,5.26,11.8267012,48.16915760,11%
JHMZF1C68FS287384,Car2Go,4,85km,14,40€,20.4.2017,3.22,11.60587055,48.18739069,71%
WBAGN83534D695835,DriveNow,4,33km,28,33€,22.1.2018,0.45,11.61110377,48.14618565,85%
5GADV23L06D587050,DriveNow,2,75km,27,96€,2.8.2018,13.25,11.54772628,48.18606857,94%
5GAKRBKDXFJ172924,DriveNow,4,10km,10,95€,30.11.2018,5.12,11.48411001,48.17772047,54%
1FTEX1CMXBK437837,DriveNow,5,68km,30,96€,16.3.2017,23.15,11.11981909,48.13757330,71%
5N1AN0NU0DN189125,Car2Go,5,45km,9,36€,19.6.2018,22.17,11.23546801,48.13855220,67%
YV4952CY8E1535968,DriveNow,5,47km,18,28€,27.4.2018,13.21,11.37864659,48.6607292,96%
WBANA53514B500635,Car2Go,5,9km,25,35€,18.7.2017,14.30,11.80052241,48.14914847,46%
WVWAB7AJ1CW121832,Car2Go,3,56km,2,25€,16.4.2018,0.35,11.3894130,48.1457299,92%
WAULC68E04A532157,DriveNow,3,85km,11,90€,1.11.2017,18.53,11.78946513,48.27604269,54%
4T1BD1FK3EU365442,Car2Go,2,51km,12,93€,13.3.2017,19.58,11.49497045,48.25296818,56%
JN1AY1AR5CM600321,DriveNow,2,34km,28,80€,18.8.2019,12.6,11.12400818,48.9220319,44%
WA1DGBFP7DA801581,DriveNow,2,66km,24,65€,16.11.2017,23.50,11.15450995,48.9526378,7%
SAJWA1CB4BL631847,DriveNow,5,28km,30,27€,25.1.2017,12.28,11.17134432,48.5455046,48%
JH4CL96828C825410,Car2Go,2,77km,24,51€,5.12.2017,9.9,11.51738547,48.23274829,1%
3VWML7AJ2EM804391,DriveNow,3,52km,4,63€,22.4.2019,18.37,11.53606059,48.23673578,49%
5BZAF0AA1FN282493,DriveNow,3,43km,20,52€,15.3.2019,3.55,11.59123554,48.21390400,99%
KNAFU6A2XD5318120,DriveNow,4,75km,20,66€,20.11.2019,21.29,11.37981102,48.10005472,39%
3C63D3DLXCG886066,DriveNow,3,40km,2,35€,30.3.2017,16.2,11.74348369,48.9482969,43%
2HNYD18283H322253,Car2Go,3,44km,19,32€,10.11.2018,6.29,11.46325939,48.6256758,37%
1D7CE5GK2AS323237,DriveNow,5,76km,26,46€,18.12.2018,8.24,11.4124950,48.21715371,79%
WAU3FAFR1AA269091,Car2Go,5,40km,13,97€,1.4.2019,2.18,11.21854873,48.2579299,92%
SCBCC41N29C372377,Car2Go,5,28km,30,92€,8.4.2017,5.31,11.81824111,48.21092695,63%
WAUUL78E65A243750,Car2Go,3,28km,27,35€,5.7.2017,1.13,11.35893513,48.3655863,39%
1N6AA0CC5EN495939,DriveNow,3,34km,1,30€,6.6.2017,4.23,11.14916542,48.21116491,95%
KNAGG4A85A5094058,DriveNow,4,34km,0,34€,27.3.2017,18.29,11.61984045,48.6583302,29%
WBAEK13507C224243,Car2Go,4,60km,27,81€,7.9.2019,11.20,11.69054592,48.24990030,37%
1VWAS7A33FC367902,DriveNow,4,75km,13,53€,25.10.2018,0.43,11.27328219,48.17244896,13%
WAUEFAFL2BA365429,Car2Go,5,32km,8,60€,8.8.2017,13.58,11.24921411,48.22644225,85%
WAUWFAFR6CA317698,DriveNow,5,46km,1,87€,1.2.2018,19.40,11.72599954,48.11793764,59%
1G4HP54K614272548,DriveNow,3,42km,18,61€,4.9.2017,3.8,11.22209507,48.10248581,24%
1G6DG5E53C0442762,DriveNow,4,31km,29,92€,25.7.2019,17.41,11.9184345,48.6188084,13%
2G4WS52J021343451,DriveNow,3,64km,16,98€,25.1.2018,3.53,11.17273848,48.19778594,50%
WAULT68E12A789454,DriveNow,5,46km,24,73€,25.12.2018,9.9,11.20510363,48.26645170,39%
KNAGN4AD7F5292019,Car2Go,5,80km,6,74€,26.8.2018,17.5,11.53764836,48.3564342,29%
JTDKTUD34DD902418,Car2Go,4,19km,4,35€,20.8.2018,13.37,11.29778428,48.19945195,1%
3N1CN7AP4DL715572,Car2Go,5,11km,18,32€,25.11.2019,12.15,11.40245213,48.11426970,99%
WAUKH74F07N458852,DriveNow,3,36km,23,73€,7.4.2019,6.11,11.35620111,48.1156449,87%
WBAEH13567C133931,Car2Go,2,71km,18,89€,3.3.2017,12.5,11.47502802,48.12139343,86%
5N1BA0NC3FN434896,DriveNow,2,51km,0,36€,19.5.2018,1.59,11.62879019,48.1701157,39%
WAUFEBFM9BA124747,DriveNow,5,52km,0,60€,17.9.2019,10.26,11.64103087,48.22516337,31%
5N1AA0NC0DN498869,Car2Go,3,13km,26,89€,5.9.2017,0.50,11.21066971,48.9946007,61%
1FTEW1CM5BK069392,DriveNow,5,82km,1,46€,7.5.2018,11.44,11.4323135,48.1673299,46%
1G6AD5SX4D0018865,Car2Go,3,67km,14,29€,9.3.2018,10.10,11.8489339,48.23474570,14%
WA1WKBFP7BA281189,Car2Go,3,32km,10,74€,19.11.2019,7.33,11.16403846,48.20343856,14%
1GYEK63N36R717548,Car2Go,3,21km,27,51€,5.12.2019,20.8,11.49175834,48.7344372,91%
WAUAGAFD6EN354936,DriveNow,5,23km,27,64€,2.7.2018,19.46,11.44855684,48.17034792,71%
1FTMF1E83AK128773,Car2Go,5,47km,19,32€,20.8.2017,16.16,11.66489102,48.23302846,67%
5GADV33L65D707387,DriveNow,3,46km,8,30€,13.5.2018,13.42,11.12783268,48.23997319,40%
KMHHT6KD6AU577148,DriveNow,4,60km,13,52€,1.1.2019,22.3,11.62768229,48.2263216,4%
1FAHP2D86FG307706,Car2Go,2,15km,29,75€,26.8.2017,21.10,11.31737694,48.8676601,16%
SAJWJ0EF1E8736301,Car2Go,5,32km,14,84€,10.11.2019,18.33,11.27425922,48.6533684,93%
5FPYK1F2XAB911247,DriveNow,4,65km,29,33€,2.1.2018,0.25,11.23309557,48.2686397,50%
JN8AZ1FY9CW614953,Car2Go,3,24km,15,66€,2.10.2019,10.5,11.56042029,48.24918912,57%
5N1AA0NC1AN318648,Car2Go,3,71km,8,99€,13.6.2019,17.29,11.13368204,48.5400491,13%
WDDGF4HB5CF838235,DriveNow,4,84km,2,35€,14.1.2019,17.36,11.76342144,48.8998150,1%
WBAYM9C58ED850071,Car2Go,4,4km,1,99€,11.7.2018,20.31,11.48144789,48.14972212,14%
5FRYD4H25GB849846,Car2Go,5,47km,22,71€,25.11.2019,1.14,11.65012437,48.25644823,22%
1GYS3TKJXFR854421,DriveNow,4,25km,15,51€,28.3.2017,16.2,11.24636991,48.16130592,61%
1N6AA0CA6BN447358,DriveNow,5,1km,18,69€,1.8.2019,21.54,11.64208102,48.25602536,97%
WBALZ5C54CD444158,DriveNow,3,68km,7,65€,13.4.2018,22.53,11.41173410,48.12647308,76%
WP0AA2A9XAS527866,Car2Go,3,21km,22,45€,2.11.2019,5.5,11.55566085,48.26491987,0%
JTHBL5EF0A5613202,DriveNow,4,9km,23,66€,24.10.2018,6.44,11.30272188,48.6801532,40%
WAUBF78E68A168020,Car2Go,5,55km,26,92€,20.3.2018,0.15,11.19734785,48.26309597,10%
4A31K5DF3CE746487,Car2Go,4,31km,18,36€,9.8.2019,11.0,11.11168599,48.27763970,33%
1G6DV1EP1C0930334,Car2Go,3,80km,30,69€,18.11.2017,0.40,11.76639139,48.20715015,54%
JM3KE2BE9E0643525,DriveNow,2,12km,15,65€,7.5.2018,8.22,11.54822847,48.19671240,41%
WBAEB5C50AC752833,Car2Go,3,79km,12,43€,18.5.2019,23.48,11.40028962,48.2396333,81%
3VWAL7AJ7AM850537,DriveNow,5,46km,0,96€,26.7.2018,8.45,11.65229402,48.14543280,36%
5N1AA0NC9DN172035,Car2Go,4,52km,24,89€,5.1.2018,23.50,11.21319281,48.14358829,38%
TRUWX28N921306733,Car2Go,5,15km,11,44€,26.2.2018,21.33,11.58201684,48.16087072,55%
5TDBK3EH9DS173943,Car2Go,3,16km,13,69€,8.3.2017,11.15,11.29761872,48.24063433,33%
WBSVA93528E388113,DriveNow,5,80km,6,85€,5.12.2019,21.37,11.57558485,48.5750338,34%
WAUUL78E56A644725,DriveNow,2,63km,24,82€,3.6.2019,15.34,11.48882180,48.27977954,5%
1N4AA5APXBC592508,DriveNow,2,87km,26,49€,3.8.2019,0.41,11.48390254,48.23143380,52%
KMHD35LH4FU728800,Car2Go,2,21km,16,42€,16.6.2018,21.32,11.21067819,48.2648465,21%
WBAFZ9C51CC794826,Car2Go,3,77km,23,27€,26.1.2019,19.19,11.71502237,48.16038977,50%
KMHFH4JG5FA735481,Car2Go,3,63km,16,28€,23.2.2018,2.43,11.79643749,48.9616024,6%
2C4RRGAG6ER328408,DriveNow,2,82km,1,29€,12.9.2018,12.28,11.39197197,48.3882231,11%
3D7TT2CT2BG236899,Car2Go,4,4km,9,38€,1.3.2018,17.35,11.3012628,48.24770203,65%
3D73Y4CL6BG334668,Car2Go,4,14km,1,27€,18.11.2017,1.23,11.21629848,48.896657,90%
1GT02ZCG4EF630485,Car2Go,5,66km,10,77€,24.5.2018,3.56,11.57027461,48.23684012,38%
1G6YV36A385363965,DriveNow,5,38km,18,76€,26.12.2019,9.54,11.11602305,48.22448802,84%
WVWAB7AJ4CW734091,Car2Go,4,19km,1,48€,16.9.2018,16.49,11.62004676,48.19729946,85%
SCBGT3ZA8FC944397,Car2Go,2,86km,5,86€,6.3.2018,13.3,11.74521410,48.26607816,41%
JH4CU2E88DC604765,DriveNow,3,78km,22,99€,29.8.2018,2.40,11.44048985,48.10401578,91%
1D7RE3GK0BS365082,Car2Go,3,50km,25,87€,7.11.2017,12.6,11.37865448,48.2990289,1%
WBA5A7C52ED664302,Car2Go,4,27km,17,82€,23.9.2019,23.41,11.20659543,48.9679178,84%
1G6AJ5S38D0730642,DriveNow,3,16km,25,52€,5.3.2017,14.54,11.25846875,48.6695573,62%
1FTEW1CM3DK117071,DriveNow,5,22km,4,45€,26.12.2018,20.7,11.37411138,48.14176813,7%
19UUA66287A291444,DriveNow,2,49km,0,69€,12.6.2019,6.57,11.78079931,48.21470165,55%
1G6KD54Y15U306525,DriveNow,2,77km,9,46€,6.1.2019,1.11,11.14002082,48.17956859,87%
WAUKH94F06N341007,DriveNow,4,41km,6,97€,22.11.2017,22.33,11.15039746,48.26188027,57%
WAUAC68D21A382417,Car2Go,5,69km,21,39€,14.5.2017,19.54,11.8382293,48.7995594,4%
4T1BF1FK1DU608741,DriveNow,3,7km,5,70€,14.6.2018,14.36,11.15053757,48.9578779,11%
1FTEX1CM0BK744059,DriveNow,3,22km,11,81€,26.8.2019,2.17,11.18535265,48.7937736,60%
3VWKX7AJ9AM700759,Car2Go,4,43km,27,75€,14.1.2019,22.34,11.39972707,48.8490893,54%
1FAHP3EN0BW383240,DriveNow,3,54km,2,90€,16.9.2017,3.59,11.68139904,48.21134453,26%
2HNYD18281H468214,Car2Go,2,10km,20,57€,9.10.2019,8.33,11.56485231,48.11512369,20%
1GKUCFDJ5AR298903,Car2Go,3,55km,10,68€,18.4.2018,12.4,11.43325553,48.12283670,48%
SCFEBBBKXDG628799,DriveNow,2,43km,2,50€,9.12.2019,9.14,11.21288773,48.24775741,26%
5XYZT3LBXEG786002,DriveNow,3,21km,19,30€,9.4.2019,13.53,11.27974854,48.9285473,10%
4A4JM2AS6AE169957,Car2Go,4,31km,7,88€,22.8.2018,8.17,11.60074072,48.3399183,94%
WBA4C9C56FG434800,DriveNow,5,38km,16,43€,19.6.2019,5.3,11.6214719,48.20936715,90%
3FADP0L3XBR713497,Car2Go,3,13km,27,30€,17.2.2018,23.10,11.80663595,48.11688515,61%
1GYFK43509R895995,DriveNow,5,89km,11,36€,3.3.2018,3.17,11.24702224,48.3037351,0%
3FADP4AJ7BM199579,DriveNow,2,3km,29,31€,26.11.2018,6.37,11.67797280,48.26453540,71%
WBAUC9C52BV516481,Car2Go,3,18km,9,97€,26.2.2017,16.23,11.74516946,48.24152994,85%
1FTEX1CW7AK675239,Car2Go,5,57km,5,49€,24.5.2019,10.13,11.48239053,48.5047859,59%
1N4AB7AP0EN188280,DriveNow,3,62km,21,79€,26.2.2018,4.34,11.61217419,48.14155964,46%
WAUWFAFH9DN086491,DriveNow,3,50km,20,49€,22.2.2018,18.23,11.45482819,48.4998315,84%
5UXZW0C55D0983355,DriveNow,4,40km,25,64€,20.7.2018,0.10,11.31137635,48.8621129,3%
1FAHP3E24CL074735,DriveNow,4,80km,14,59€,9.2.2018,20.16,11.44968355,48.17681410,89%
JH4DC54854S976161,DriveNow,3,41km,4,45€,24.7.2019,10.29,11.74437584,48.21605156,46%
JH4DB75651S323045,Car2Go,4,63km,24,37€,16.3.2018,2.40,11.74827546,48.26419792,3%
1G6DV1EP0E0059266,DriveNow,2,61km,2,35€,20.8.2019,23.30,11.40184022,48.16745947,42%
WAULT58E63A290628,DriveNow,5,35km,4,39€,8.8.2017,5.30,11.34531672,48.20119267,0%
WAULT64B73N169617,Car2Go,2,40km,15,90€,13.7.2018,1.16,11.34977092,48.3741289,93%
WUADNAFG5AN944543,Car2Go,3,43km,30,30€,11.9.2018,3.37,11.57639595,48.19407485,54%
1G4GD5G36FF361427,DriveNow,2,75km,13,38€,8.6.2018,22.55,11.78202086,48.13774471,52%
4A31K5DF4AE497162,DriveNow,2,39km,2,74€,19.9.2018,8.23,11.8142023,48.25180290,57%
5N1AZ2MH2FN349917,DriveNow,4,1km,22,92€,18.7.2018,21.7,11.20471200,48.23033244,96%
5UXFE43588L106571,DriveNow,3,14km,20,29€,12.4.2017,9.42,11.59044378,48.6410053,90%
1D7CE3BK7AS676195,DriveNow,4,58km,11,34€,8.5.2019,10.22,11.58483600,48.20432139,86%
WBA6B2C56FD554861,DriveNow,2,6km,16,52€,7.7.2017,11.41,11.24210530,48.9725816,93%
1G6DP577250672956,DriveNow,5,81km,27,80€,19.7.2017,5.59,11.34619688,48.13381965,39%
SCFKDCEP9EG423387,Car2Go,5,8km,21,84€,17.5.2019,20.10,11.28259302,48.26330785,84%
YV1612FH7E2356743,DriveNow,2,65km,17,77€,20.8.2018,4.22,11.61087228,48.20734372,46%
WAUVT64B14N673896,DriveNow,4,24km,10,28€,8.8.2019,19.16,11.30927501,48.13088999,14%
WBA3V5C56F5157849,Car2Go,3,41km,22,76€,16.8.2018,22.46,11.31553459,48.24914295,31%
1N6AD0CW0EN406148,Car2Go,3,47km,17,46€,13.9.2017,5.40,11.17506987,48.200724,31%
JTDKDTB3XD1176155,DriveNow,4,78km,17,71€,29.6.2017,10.10,11.53283402,48.27170350,81%
JTDBT4K3XB1509749,Car2Go,2,89km,5,78€,11.8.2018,12.23,11.71477404,48.18713130,61%
JN1AV7AP9FM551039,DriveNow,3,42km,0,82€,13.2.2018,13.24,11.65373440,48.12325891,75%
3MZBM1K76FM819515,Car2Go,3,17km,21,39€,24.3.2019,10.38,11.53243981,48.2716153,55%
WBAKE5C50CJ942205,Car2Go,2,27km,15,66€,26.12.2019,21.34,11.60880086,48.12282098,61%
3GYEK63N52G318263,Car2Go,4,57km,27,70€,3.2.2017,8.12,11.61616591,48.6929168,92%
1G6AH1RX0F0667357,DriveNow,5,16km,1,45€,12.11.2018,10.5,11.68418745,48.7296187,11%
3D73M4EL4BG990019,DriveNow,5,54km,5,25€,1.2.2019,2.19,11.81664776,48.6675174,61%
WAURFAFR8DA659006,Car2Go,3,66km,26,89€,11.10.2018,0.9,11.77595282,48.16736765,21%
KMHFC4DFXAA388823,Car2Go,3,35km,0,47€,17.6.2018,6.31,11.20231146,48.1380922,70%
WAUGL98E06A843710,DriveNow,4,88km,2,40€,11.3.2018,1.48,11.8783805,48.10428188,36%
WAUSFBFL1AA638531,DriveNow,2,71km,0,27€,14.3.2017,21.21,11.17384272,48.4085372,52%
1N6AA0CA4DN979422,Car2Go,5,21km,14,29€,25.10.2017,18.42,11.39769596,48.19007531,56%
55SWF4JB5FU039594,DriveNow,5,31km,11,83€,5.12.2018,3.40,11.79919850,48.25665207,56%
5N1AT2MK7EC858506,DriveNow,4,43km,28,26€,24.10.2017,16.42,11.49916604,48.537253,80%
1NXBU4EE9AZ761561,DriveNow,5,77km,16,80€,21.2.2017,8.55,11.9605780,48.1145234,68%
WBA3A5C54CF846192,Car2Go,2,26km,11,42€,2.4.2017,20.38,11.64008532,48.2967474,21%
WBANU53548C270581,DriveNow,3,66km,14,80€,12.8.2019,8.25,11.68280615,48.16971234,21%
WBAEN33453E081721,DriveNow,4,90km,25,96€,5.7.2019,8.3,11.17816333,48.21948160,6%
JH4KA96563C865148,DriveNow,5,3km,5,46€,5.3.2019,8.18,11.5651188,48.6192989,78%
1G6AX5SXXF0288970,Car2Go,3,29km,3,89€,4.12.2019,7.55,11.42585213,48.542191,92%
3G5DA03L67S190174,Car2Go,5,65km,20,72€,9.6.2018,23.25,11.81825610,48.8301942,19%
1G4HE57Y26U225112,Car2Go,2,15km,25,57€,30.9.2019,2.33,11.57418595,48.16918954,73%
2C3CDXGJ0DH034602,Car2Go,5,43km,7,48€,4.6.2018,13.13,11.17582359,48.15804295,26%
5GADV33197D118528,DriveNow,4,70km,24,77€,23.12.2019,5.43,11.24174484,48.24560032,43%
3C6TD4KT7CG640097,DriveNow,3,83km,6,36€,11.4.2017,3.53,11.56123119,48.23853076,27%
KMHHT6KJ0FU867849,DriveNow,4,20km,0,98€,1.11.2018,5.3,11.15280583,48.3713854,41%
WAULH54B51N988893,Car2Go,5,30km,7,29€,3.7.2018,14.15,11.68713873,48.3100792,11%
1C3BCBFG0DN100029,DriveNow,5,73km,9,36€,27.8.2019,18.42,11.9568039,48.14586726,87%
3C3CFFDR5CT981400,DriveNow,4,46km,15,78€,6.2.2018,7.3,11.33365180,48.23270511,76%
WAU2GBFC2DN968723,Car2Go,5,54km,29,34€,15.8.2017,14.20,11.75808267,48.4005768,36%
WAUZL64B61N514501,DriveNow,2,47km,7,66€,28.2.2019,14.4,11.65078284,48.25051321,20%
3D73M4ELXAG273624,DriveNow,2,35km,5,68€,5.3.2018,18.6,11.49366842,48.9969337,76%
JN1CV6FE2BM076967,Car2Go,5,36km,6,26€,20.8.2017,8.22,11.49156721,48.3671740,67%
WAU4FAFL8CA127310,Car2Go,3,6km,30,67€,4.8.2017,5.33,11.44247831,48.7387369,30%
2C3CCAGG4FH694066,DriveNow,2,69km,21,69€,8.10.2017,3.59,11.58913997,48.10479477,77%
5GADX33L06D860438,DriveNow,5,47km,3,43€,13.4.2017,1.22,11.76458172,48.17274281,84%
JTHBE5C25B5452664,Car2Go,5,86km,29,66€,12.12.2017,14.11,11.49711823,48.27597237,97%
WAUVFAFH7CN296212,DriveNow,3,76km,8,27€,7.7.2017,12.28,11.51080146,48.11821787,66%
5UXFG2C55BL564381,Car2Go,3,13km,9,91€,26.8.2018,10.10,11.19178664,48.5450850,37%
4USDU53477L386064,DriveNow,3,24km,22,77€,7.3.2018,0.4,11.5639477,48.11465655,36%
1C4SDJCT9FC229499,DriveNow,5,4km,24,78€,6.4.2019,12.57,11.58822497,48.26426457,61%
WAUWFAFR8AA722670,DriveNow,3,90km,2,69€,28.11.2017,23.12,11.45643660,48.12657072,7%
WAUDG98E96A527553,Car2Go,2,1km,20,36€,19.6.2019,7.24,11.60250725,48.23864582,94%
WAUGFAFC1EN593640,DriveNow,3,69km,9,87€,22.5.2018,6.1,11.81214268,48.16479348,82%
WAUDH98E28A032739,DriveNow,3,77km,12,84€,3.2.2019,8.5,11.34165947,48.24255978,97%
WAULT58E54A645211,Car2Go,2,36km,25,72€,30.6.2019,18.41,11.9942955,48.23425362,42%
2G4G05GV7B9939180,DriveNow,5,62km,22,84€,28.8.2017,17.17,11.74675915,48.23694873,40%
5TDDK3DC2FS476578,DriveNow,5,18km,3,45€,2.7.2019,9.59,11.51064057,48.3485550,87%
KMHTC6AD7FU378645,Car2Go,2,40km,7,64€,13.10.2017,9.14,11.79183371,48.16008414,69%
WBAFU7C51BC991366,Car2Go,3,36km,22,45€,6.7.2018,22.17,11.22206222,48.19962915,60%
4T1BD1FK4FU175313,DriveNow,2,60km,4,54€,27.5.2018,17.38,11.71109539,48.14771551,16%
2FMGK5BC8CB834610,DriveNow,3,42km,15,74€,20.11.2017,1.43,11.49437896,48.3355127,94%
JN8AF5MR3CT360797,DriveNow,3,75km,12,40€,29.12.2017,5.27,11.10473707,48.22037677,99%
ZHWGU5BZ3AL283223,DriveNow,2,83km,7,32€,28.8.2019,9.53,11.22135131,48.12670075,91%
ZHWGU5BZ6DL492489,Car2Go,5,57km,16,77€,16.5.2018,12.50,11.52774722,48.22074924,67%
5N1AA0NC6FN560469,Car2Go,4,1km,26,78€,11.7.2017,5.46,11.48154196,48.17426189,96%
WBANW5C56AC925825,DriveNow,2,1km,18,88€,16.2.2019,9.30,11.27353760,48.17732281,90%
TRUTC28N251933745,DriveNow,2,29km,3,73€,4.8.2018,8.44,11.37945705,48.27257104,94%
WAUHF78PX9A100347,Car2Go,4,19km,15,67€,20.5.2017,18.35,11.66521273,48.24839505,34%
3GYFNEEY0AS775541,Car2Go,4,36km,21,64€,15.3.2017,20.10,11.81235717,48.23638559,49%
WAUKH98E98A513370,Car2Go,2,80km,9,27€,13.2.2019,5.26,11.36317630,48.16937501,71%
SAJWA0F73F8776114,DriveNow,4,52km,3,39€,7.10.2019,7.21,11.76745972,48.803901,17%
1G6KF54962U567826,DriveNow,3,65km,5,87€,3.2.2018,23.28,11.56716638,48.18203606,7%
1D7RE3BK4AS846491,DriveNow,2,87km,17,50€,13.2.2018,18.30,11.31856460,48.18272260,84%
WAUPN94E88N953271,DriveNow,5,26km,12,68€,5.10.2018,5.48,11.18504370,48.19754881,41%
WA1EY74L68D846112,DriveNow,3,82km,30,87€,19.5.2019,5.30,11.42909020,48.13444607,36%
3MZBM1L74EM294418,DriveNow,4,80km,9,27€,5.7.2017,11.57,11.56296299,48.21384604,64%
WA1CMAFE0AD293400,Car2Go,3,87km,2,79€,12.2.2017,0.27,11.42832526,48.21431625,17%
JN8AF5MR4BT104439,Car2Go,5,55km,17,58€,23.5.2019,21.14,11.55913274,48.11101379,12%
WBAGN83585D184087,Car2Go,5,20km,6,46€,29.8.2019,11.42,11.49070543,48.24813229,48%
1G6AG5RX3F0872665,Car2Go,4,65km,26,36€,20.1.2019,9.20,11.52902329,48.13068839,73%
WBAKB8C50AC273767,DriveNow,3,46km,15,94€,27.9.2017,7.48,11.38526609,48.9490092,50%
1C3CDZBG0EN873505,Car2Go,2,9km,18,58€,2.5.2019,22.2,11.43126278,48.1680555,45%
5UXFA935X4L165494,Car2Go,2,31km,30,43€,28.3.2018,18.28,11.25296318,48.21424457,30%
3C63D2GL1CG194025,Car2Go,4,82km,0,39€,20.4.2019,15.24,11.49938084,48.4155239,76%
WAULK98K79A782822,DriveNow,3,90km,18,96€,25.8.2017,14.33,11.30338774,48.27139147,85%
KMHTC6AD2EU952745,Car2Go,2,81km,25,54€,5.10.2019,11.53,11.18545821,48.20307409,23%
WAULV44E87N430896,Car2Go,3,85km,1,73€,6.7.2018,13.4,11.53123275,48.9981235,47%
WBALM5C56BE616553,Car2Go,2,53km,21,39€,28.3.2018,11.3,11.9591381,48.6591636,10%
NM0KS9ANXAT464587,Car2Go,2,22km,0,26€,12.7.2019,15.45,11.27026801,48.1494035,43%
KL4CJFSB9DB540253,Car2Go,3,70km,21,70€,4.3.2019,5.3,11.12622567,48.1377819,29%
1GYS4JKJ9FR843802,DriveNow,2,61km,6,82€,5.11.2019,18.9,11.51217515,48.13252922,35%
WAUHF98PX6A704648,Car2Go,4,42km,18,29€,19.11.2018,3.20,11.73575663,48.6686609,4%
1G4HP54K32U320220,Car2Go,2,50km,19,48€,10.8.2018,11.5,11.50102084,48.9205452,94%
1G6DC1E34D0524519,DriveNow,3,33km,5,94€,14.11.2019,14.47,11.10748714,48.22328657,9%
1GYS4AEF9ER655576,Car2Go,5,64km,20,42€,3.9.2017,17.25,11.59714786,48.13841858,6%
1GYS3HEF1BR725708,DriveNow,5,28km,14,48€,6.10.2017,6.30,11.30038954,48.5868100,65%
1N4AA5AP2AC019066,Car2Go,4,11km,2,40€,8.6.2017,11.31,11.49087339,48.20106896,33%
2HNYD283X7H467296,Car2Go,2,70km,27,48€,10.5.2017,1.51,11.45310356,48.10437015,10%
WBA3C3G55FN358064,DriveNow,4,17km,30,34€,22.1.2018,9.56,11.49740520,48.13523346,1%
3LNDL2L30BR462132,DriveNow,2,68km,29,39€,27.1.2018,3.11,11.4824170,48.11772382,37%
WBANF73577C449220,DriveNow,2,14km,23,62€,19.2.2017,21.36,11.58400759,48.25782795,34%
4A31K3DT8BE866701,DriveNow,3,54km,16,72€,24.4.2017,23.1,11.13908489,48.5602005,2%
3VW217AU2FM087354,DriveNow,5,86km,2,87€,19.5.2018,12.6,11.78693345,48.16658389,48%
2G4WS52J341170088,DriveNow,5,26km,22,42€,21.9.2018,3.22,11.16101351,48.6477135,91%
4T1BK3DB3CU721776,DriveNow,4,39km,12,46€,11.2.2018,15.42,11.62650271,48.2843706,18%
WVWAA7AH2AV262539,Car2Go,4,59km,3,80€,12.12.2017,21.2,11.16572801,48.24743691,44%
WAUAFAFH8BN966735,Car2Go,4,32km,14,47€,21.2.2019,7.47,11.44391503,48.8252530,93%
1D4PT4GK8BW359684,Car2Go,5,71km,1,28€,10.12.2019,20.34,11.38630336,48.22889349,23%
WA1AY74L28D373758,Car2Go,2,75km,5,41€,11.12.2019,1.58,11.54967496,48.12529746,44%
2HNYD18914H749448,DriveNow,5,16km,1,49€,29.7.2019,22.41,11.74468083,48.13246625,7%
JTDKTUD3XED905826,Car2Go,2,31km,19,94€,7.10.2019,13.51,11.20253282,48.18161705,33%
WDDGF5EB3BA910541,Car2Go,4,57km,4,69€,20.11.2019,22.19,11.24962478,48.25277513,25%
1N4AL2AP9BN117168,Car2Go,3,86km,2,33€,19.5.2019,23.12,11.35493461,48.20820696,50%
1FADP5AU6EL217432,DriveNow,3,1km,23,53€,2.10.2018,3.35,11.77269855,48.19280268,27%
WAUET48H26K590680,DriveNow,2,71km,12,36€,15.3.2019,6.25,11.70627176,48.23168940,9%
1FTWX3B54AE429546,DriveNow,3,30km,8,48€,8.10.2017,8.53,11.67588918,48.3686566,10%
1FMEU3DEXAU447777,Car2Go,4,59km,30,39€,20.4.2018,5.42,11.57782409,48.22274833,93%
4JGCB2FE5BA933312,DriveNow,5,74km,23,45€,6.4.2018,10.54,11.52322990,48.6635929,67%
WAUFFAFL8EN233020,Car2Go,5,15km,21,29€,19.11.2019,9.55,11.52530961,48.19363647,81%
4F2CY0C79AK742076,Car2Go,2,11km,27,94€,20.9.2017,1.57,11.48387721,48.20341162,45%
WP0AB2A94FS432448,Car2Go,2,81km,15,56€,24.4.2017,17.53,11.45662710,48.1989908,86%
SCFFDCCD9CG106376,Car2Go,3,19km,8,28€,4.6.2017,3.53,11.49253953,48.17935980,81%
WAUKG78E86A529953,DriveNow,3,82km,3,41€,19.9.2017,1.40,11.30055854,48.6478602,73%
1GD322CG6EF637163,DriveNow,5,25km,18,73€,15.2.2019,17.54,11.77140635,48.27838367,46%
3VWC17AU5FM464117,DriveNow,3,84km,25,84€,11.9.2019,18.21,11.26900063,48.2024694,25%
2FMDK4GC6AB215989,DriveNow,5,5km,11,46€,23.6.2018,6.25,11.38069623,48.22924707,57%
1N6AA0CA9AN015295,DriveNow,3,4km,15,93€,12.11.2019,16.47,11.72470889,48.11651984,97%
3GYFNJE47AS860947,Car2Go,4,42km,6,37€,8.4.2019,19.7,11.10847035,48.18123727,61%
KNADM4A32F6817365,Car2Go,4,55km,8,85€,24.6.2018,13.9,11.70847136,48.17816469,25%
1C4RDHDG2DC670526,DriveNow,4,62km,17,90€,19.10.2019,17.41,11.52794319,48.10468202,55%
WAUSF78EX7A537105,DriveNow,2,6km,22,80€,5.2.2017,6.58,11.62248964,48.19243861,26%
3C3CFFBR6ET798447,DriveNow,4,50km,8,80€,3.7.2019,3.3,11.63705980,48.27567520,86%
WA1YD64B32N849335,DriveNow,3,74km,20,40€,22.2.2017,22.18,11.63921890,48.14412562,99%
1GTG5AEA1F1325136,Car2Go,5,56km,10,67€,21.11.2019,1.46,11.52903559,48.24969884,51%
1GD322CG1EF987042,Car2Go,4,44km,16,49€,6.6.2019,5.7,11.24845531,48.24232244,46%
SCBFU7ZA9FC206284,DriveNow,5,18km,21,69€,15.6.2017,13.23,11.41140270,48.1447154,13%
YV126MFB3F1657413,Car2Go,3,68km,20,26€,30.6.2019,1.53,11.54139538,48.5352478,72%
WBAGK93441D940935,DriveNow,2,57km,24,64€,22.2.2017,3.41,11.31974245,48.25281438,13%
1G6AB5SA4F0481853,Car2Go,5,44km,22,55€,12.4.2019,12.56,11.59366003,48.28125321,26%
2T1BU4EE7DC925640,DriveNow,4,88km,3,78€,16.9.2019,0.42,11.4670878,48.14508530,38%
1G6DV5EP2C0334186,DriveNow,3,38km,20,64€,9.8.2019,13.5,11.39522368,48.18889668,82%
WAUPL68E55A605171,DriveNow,4,63km,5,47€,3.5.2018,1.49,11.33947520,48.5967989,21%
3C6LD5BT2CG519127,Car2Go,4,11km,28,35€,27.9.2019,11.15,11.4151786,48.9681127,55%
1G4PR5SK8E4526565,Car2Go,5,29km,15,73€,1.3.2019,8.20,11.79982094,48.10762106,5%
WBA3T7C50FP011548,Car2Go,2,46km,27,41€,22.7.2019,0.27,11.69156863,48.8205239,25%
1N6AA0EJ2FN407846,DriveNow,3,56km,22,94€,8.2.2018,16.24,11.46343272,48.7944539,60%
5N1AN0NW1EN971890,DriveNow,4,35km,11,68€,18.4.2018,16.1,11.8262237,48.13932724,58%
5YMGZ0C54BL364393,Car2Go,3,33km,18,83€,15.8.2019,3.49,11.28973681,48.21725788,7%
3D4PG4FB7AT758094,DriveNow,2,62km,2,30€,26.2.2019,7.58,11.37095639,48.8223580,24%
1FTEX1E80AF176645,Car2Go,5,47km,10,37€,15.2.2018,17.12,11.20036719,48.1513032,38%
5TDDK3DC2ES176666,DriveNow,2,77km,29,87€,22.2.2017,17.25,11.42329622,48.12048388,47%
2C3CCARG6EH645575,Car2Go,4,20km,16,70€,16.5.2017,6.46,11.75517503,48.25515599,58%
1G6DL1ED7B0550280,DriveNow,3,85km,26,56€,20.8.2018,10.32,11.64429943,48.4691057,10%
SCFAD01A85G211981,DriveNow,3,1km,8,43€,8.10.2019,12.24,11.29070124,48.10205929,82%
WBAYF8C54DD127837,Car2Go,3,66km,23,48€,1.1.2019,21.54,11.22601420,48.11087750,38%
WAUAH78E68A872692,DriveNow,3,12km,0,73€,29.4.2018,2.25,11.54492228,48.19360359,43%
